index,tag,name,B,H,W,C,P,Q,F,S,input_dtype,output_dtype,mean_microseconds,arithmetic_intensity,tflops,roofline_tflops,roofline_percent,ok
0,resnet,conv_2d_nhwc_hwcf_1x112x112x64x7x7x3_f16xf16xf32_stride2,1,112,112,64,7,7,3,2,f16,f32,116.0,34.0071,2.0347,1307.4,0.0016,True
1,resnet,conv_2d_nhwc_hwcf_1x56x56x64x3x3x64_f16xf16xf32_stride1,1,56,56,64,3,3,64,1,f16,f32,75.0,176.8837,3.0828,1307.4,0.0024,True
2,resnet,conv_2d_nhwc_hwcf_1x28x28x128x3x3x128_f16xf16xf32_stride2,1,28,28,128,3,3,128,2,f16,f32,97.0,148.4497,2.3836,1307.4,0.0018,True
3,resnet,conv_2d_nhwc_hwcf_1x28x28x512x1x1x256_f16xf16xf32_stride2,1,28,28,512,1,1,256,2,f16,f32,60.0,48.0613,3.4253,1307.4,0.0026,True
4,resnet,conv_2d_nhwc_hwcf_1x28x28x128x3x3x128_f16xf16xf32_stride1,1,28,28,128,3,3,128,1,f16,f32,105.0,249.4939,2.202,1307.4,0.0017,True
5,resnet,conv_2d_nhwc_hwcf_1x14x14x256x3x3x256_f16xf16xf32_stride2,1,14,14,256,3,3,256,2,f16,f32,137.0,125.5795,1.6877,1307.4,0.0013,True
6,resnet,conv_2d_nhwc_hwcf_1x14x14x1024x1x1x512_f16xf16xf32_stride2,1,14,14,1024,1,1,512,2,f16,f32,94.0,67.2601,2.1864,1307.4,0.0017,True
7,resnet,conv_2d_nhwc_hwcf_1x14x14x256x3x3x256_f16xf16xf32_stride1,1,14,14,256,3,3,256,1,f16,f32,139.0,152.9756,1.6634,1307.4,0.0013,True
8,resnet,conv_2d_nhwc_hwcf_1x7x7x512x3x3x512_f16xf16xf32_stride2,1,7,7,512,3,3,512,2,f16,f32,253.0,45.5042,0.9139,1307.4,0.0007,True
9,resnet,conv_2d_nhwc_hwcf_1x7x7x2048x1x1x1024_f16xf16xf32_stride2,1,7,7,2048,1,1,1024,2,f16,f32,146.0,39.5398,1.4077,1307.4,0.0011,True
10,resnet,conv_2d_nhwc_hwcf_1x7x7x512x3x3x512_f16xf16xf32_stride1,1,7,7,512,3,3,512,1,f16,f32,246.0,47.1677,0.9399,1307.4,0.0007,True
11,resnet,conv_2d_nhwc_hwcf_2x112x112x64x7x7x3_f16xf16xf32_stride2,2,112,112,64,7,7,3,2,f16,f32,135.0,34.0533,3.4967,1307.4,0.0027,True
12,resnet,conv_2d_nhwc_hwcf_2x56x56x64x3x3x64_f16xf16xf32_stride1,2,56,56,64,3,3,64,1,f16,f32,68.0,182.0169,6.8003,1307.4,0.0052,True
13,resnet,conv_2d_nhwc_hwcf_2x28x28x128x3x3x128_f16xf16xf32_stride2,2,28,28,128,3,3,128,2,f16,f32,103.0,163.9739,4.4895,1307.4,0.0034,True
14,resnet,conv_2d_nhwc_hwcf_2x28x28x512x1x1x256_f16xf16xf32_stride2,2,28,28,512,1,1,256,2,f16,f32,77.0,49.581,5.3382,1307.4,0.0041,True
15,resnet,conv_2d_nhwc_hwcf_2x28x28x128x3x3x128_f16xf16xf32_stride1,2,28,28,128,3,3,128,1,f16,f32,96.0,296.7043,4.8169,1307.4,0.0037,True
16,resnet,conv_2d_nhwc_hwcf_2x14x14x256x3x3x256_f16xf16xf32_stride2,2,14,14,256,3,3,256,2,f16,f32,142.0,184.7725,3.2565,1307.4,0.0025,True
17,resnet,conv_2d_nhwc_hwcf_2x14x14x1024x1x1x512_f16xf16xf32_stride2,2,14,14,1024,1,1,512,2,f16,f32,101.0,81.1909,4.0697,1307.4,0.0031,True
18,resnet,conv_2d_nhwc_hwcf_2x14x14x256x3x3x256_f16xf16xf32_stride1,2,14,14,256,3,3,256,1,f16,f32,140.0,250.88,3.303,1307.4,0.0025,True
19,resnet,conv_2d_nhwc_hwcf_2x7x7x512x3x3x512_f16xf16xf32_stride2,2,7,7,512,3,3,512,2,f16,f32,280.0,84.9481,1.6515,1307.4,0.0013,True
20,resnet,conv_2d_nhwc_hwcf_2x7x7x2048x1x1x1024_f16xf16xf32_stride2,2,7,7,2048,1,1,1024,2,f16,f32,151.0,66.2827,2.7221,1307.4,0.0021,True
21,resnet,conv_2d_nhwc_hwcf_2x7x7x512x3x3x512_f16xf16xf32_stride1,2,7,7,512,3,3,512,1,f16,f32,252.0,90.9352,1.835,1307.4,0.0014,True
22,resnet,conv_2d_nhwc_hwcf_4x112x112x64x7x7x3_f16xf16xf32_stride2,4,112,112,64,7,7,3,2,f16,f32,149.0,34.0764,6.3363,1307.4,0.0048,True
23,resnet,conv_2d_nhwc_hwcf_4x56x56x64x3x3x64_f16xf16xf32_stride1,4,56,56,64,3,3,64,1,f16,f32,70.0,184.6969,13.2121,1307.4,0.0101,True
24,resnet,conv_2d_nhwc_hwcf_4x28x28x128x3x3x128_f16xf16xf32_stride2,4,28,28,128,3,3,128,2,f16,f32,99.0,173.0207,9.3419,1307.4,0.0071,True
25,resnet,conv_2d_nhwc_hwcf_4x28x28x512x1x1x256_f16xf16xf32_stride2,4,28,28,512,1,1,256,2,f16,f32,75.0,50.3775,10.9611,1307.4,0.0084,True
26,resnet,conv_2d_nhwc_hwcf_4x28x28x128x3x3x128_f16xf16xf32_stride1,4,28,28,128,3,3,128,1,f16,f32,103.0,327.7097,8.9791,1307.4,0.0069,True
27,resnet,conv_2d_nhwc_hwcf_4x14x14x256x3x3x256_f16xf16xf32_stride2,4,14,14,256,3,3,256,2,f16,f32,138.0,241.7473,6.7018,1307.4,0.0051,True
28,resnet,conv_2d_nhwc_hwcf_4x14x14x1024x1x1x512_f16xf16xf32_stride2,4,14,14,1024,1,1,512,2,f16,f32,94.0,90.5704,8.7456,1307.4,0.0067,True
29,resnet,conv_2d_nhwc_hwcf_4x14x14x256x3x3x256_f16xf16xf32_stride1,4,14,14,256,3,3,256,1,f16,f32,148.0,368.9412,6.2489,1307.4,0.0048,True
30,resnet,conv_2d_nhwc_hwcf_4x7x7x512x3x3x512_f16xf16xf32_stride2,4,7,7,512,3,3,512,2,f16,f32,244.0,149.9283,3.7903,1307.4,0.0029,True
31,resnet,conv_2d_nhwc_hwcf_4x7x7x2048x1x1x1024_f16xf16xf32_stride2,4,7,7,2048,1,1,1024,2,f16,f32,139.0,100.1517,5.9143,1307.4,0.0045,True
32,resnet,conv_2d_nhwc_hwcf_4x7x7x512x3x3x512_f16xf16xf32_stride1,4,7,7,512,3,3,512,1,f16,f32,244.0,169.6409,3.7903,1307.4,0.0029,True
33,resnet,conv_2d_nhwc_hwcf_8x112x112x64x7x7x3_f16xf16xf32_stride2,8,112,112,64,7,7,3,2,f16,f32,225.0,34.088,8.3921,1307.4,0.0064,True
34,resnet,conv_2d_nhwc_hwcf_8x56x56x64x3x3x64_f16xf16xf32_stride1,8,56,56,64,3,3,64,1,f16,f32,63.0,186.0667,29.3601,1307.4,0.0225,True
35,resnet,conv_2d_nhwc_hwcf_8x28x28x128x3x3x128_f16xf16xf32_stride2,8,28,28,128,3,3,128,2,f16,f32,99.0,177.9291,18.6837,1307.4,0.0143,True
36,resnet,conv_2d_nhwc_hwcf_8x28x28x512x1x1x256_f16xf16xf32_stride2,8,28,28,512,1,1,256,2,f16,f32,69.0,50.7854,23.8285,1307.4,0.0182,True
37,resnet,conv_2d_nhwc_hwcf_8x28x28x128x3x3x128_f16xf16xf32_stride1,8,28,28,128,3,3,128,1,f16,f32,106.0,345.7764,17.4499,1307.4,0.0133,True
38,resnet,conv_2d_nhwc_hwcf_8x14x14x256x3x3x256_f16xf16xf32_stride2,8,14,14,256,3,3,256,2,f16,f32,139.0,285.8127,13.3071,1307.4,0.0102,True
39,resnet,conv_2d_nhwc_hwcf_8x14x14x1024x1x1x512_f16xf16xf32_stride2,8,14,14,1024,1,1,512,2,f16,f32,97.0,96.1226,16.9502,1307.4,0.013,True
40,resnet,conv_2d_nhwc_hwcf_8x14x14x256x3x3x256_f16xf16xf32_stride1,8,14,14,256,3,3,256,1,f16,f32,142.0,482.4615,13.026,1307.4,0.01,True
41,resnet,conv_2d_nhwc_hwcf_8x7x7x512x3x3x512_f16xf16xf32_stride2,8,7,7,512,3,3,512,2,f16,f32,246.0,242.7871,7.5191,1307.4,0.0058,True
42,resnet,conv_2d_nhwc_hwcf_8x7x7x2048x1x1x1024_f16xf16xf32_stride2,8,7,7,2048,1,1,1024,2,f16,f32,138.0,134.5201,11.9143,1307.4,0.0091,True
43,resnet,conv_2d_nhwc_hwcf_8x7x7x512x3x3x512_f16xf16xf32_stride1,8,7,7,512,3,3,512,1,f16,f32,247.0,299.0623,7.4886,1307.4,0.0057,True
44,resnet,conv_2d_nchw_fchw_1x112x112x64x7x7x3_f16xf16xf32_stride2,1,112,112,64,7,7,3,2,f16,f32,339.0,34.0071,0.6962,1307.4,0.0005,True
45,resnet,conv_2d_nchw_fchw_1x56x56x64x3x3x64_f16xf16xf32_stride1,1,56,56,64,3,3,64,1,f16,f32,108.0,176.8837,2.1408,1307.4,0.0016,True
46,resnet,conv_2d_nchw_fchw_1x28x28x128x3x3x128_f16xf16xf32_stride2,1,28,28,128,3,3,128,2,f16,f32,166.0,148.4497,1.3928,1307.4,0.0011,True
47,resnet,conv_2d_nchw_fchw_1x28x28x512x1x1x256_f16xf16xf32_stride2,1,28,28,512,1,1,256,2,f16,f32,114.0,48.0613,1.8028,1307.4,0.0014,True
48,resnet,conv_2d_nchw_fchw_1x28x28x128x3x3x128_f16xf16xf32_stride1,1,28,28,128,3,3,128,1,f16,f32,159.0,249.4939,1.4542,1307.4,0.0011,True
49,resnet,conv_2d_nchw_fchw_1x14x14x256x3x3x256_f16xf16xf32_stride2,1,14,14,256,3,3,256,2,f16,f32,262.0,125.5795,0.8825,1307.4,0.0007,True
50,resnet,conv_2d_nchw_fchw_1x14x14x1024x1x1x512_f16xf16xf32_stride2,1,14,14,1024,1,1,512,2,f16,f32,155.0,67.2601,1.3259,1307.4,0.001,True
51,resnet,conv_2d_nchw_fchw_1x14x14x256x3x3x256_f16xf16xf32_stride1,1,14,14,256,3,3,256,1,f16,f32,262.0,152.9756,0.8825,1307.4,0.0007,True
52,resnet,conv_2d_nchw_fchw_1x7x7x512x3x3x512_f16xf16xf32_stride2,1,7,7,512,3,3,512,2,f16,f32,487.0,45.5042,0.4748,1307.4,0.0004,True
53,resnet,conv_2d_nchw_fchw_1x7x7x2048x1x1x1024_f16xf16xf32_stride2,1,7,7,2048,1,1,1024,2,f16,f32,250.0,39.5398,0.8221,1307.4,0.0006,True
54,resnet,conv_2d_nchw_fchw_1x7x7x512x3x3x512_f16xf16xf32_stride1,1,7,7,512,3,3,512,1,f16,f32,467.0,47.1677,0.4951,1307.4,0.0004,True
55,resnet,conv_2d_nchw_fchw_2x112x112x64x7x7x3_f16xf16xf32_stride2,2,112,112,64,7,7,3,2,f16,f32,986.0,34.0533,0.4788,1307.4,0.0004,True
56,resnet,conv_2d_nchw_fchw_2x56x56x64x3x3x64_f16xf16xf32_stride1,2,56,56,64,3,3,64,1,f16,f32,114.0,182.0169,4.0563,1307.4,0.0031,True
57,resnet,conv_2d_nchw_fchw_2x28x28x128x3x3x128_f16xf16xf32_stride2,2,28,28,128,3,3,128,2,f16,f32,184.0,163.9739,2.5132,1307.4,0.0019,True
58,resnet,conv_2d_nchw_fchw_2x28x28x512x1x1x256_f16xf16xf32_stride2,2,28,28,512,1,1,256,2,f16,f32,140.0,49.581,2.936,1307.4,0.0022,True
59,resnet,conv_2d_nchw_fchw_2x28x28x128x3x3x128_f16xf16xf32_stride1,2,28,28,128,3,3,128,1,f16,f32,162.0,296.7043,2.8545,1307.4,0.0022,True
60,resnet,conv_2d_nchw_fchw_2x14x14x256x3x3x256_f16xf16xf32_stride2,2,14,14,256,3,3,256,2,f16,f32,262.0,184.7725,1.765,1307.4,0.0013,True
61,resnet,conv_2d_nchw_fchw_2x14x14x1024x1x1x512_f16xf16xf32_stride2,2,14,14,1024,1,1,512,2,f16,f32,157.0,81.1909,2.6181,1307.4,0.002,True
62,resnet,conv_2d_nchw_fchw_2x14x14x256x3x3x256_f16xf16xf32_stride1,2,14,14,256,3,3,256,1,f16,f32,267.0,250.88,1.7319,1307.4,0.0013,True
63,resnet,conv_2d_nchw_fchw_2x7x7x512x3x3x512_f16xf16xf32_stride2,2,7,7,512,3,3,512,2,f16,f32,494.0,84.9481,0.9361,1307.4,0.0007,True
64,resnet,conv_2d_nchw_fchw_2x7x7x2048x1x1x1024_f16xf16xf32_stride2,2,7,7,2048,1,1,1024,2,f16,f32,246.0,66.2827,1.6709,1307.4,0.0013,True
65,resnet,conv_2d_nchw_fchw_2x7x7x512x3x3x512_f16xf16xf32_stride1,2,7,7,512,3,3,512,1,f16,f32,455.0,90.9352,1.0163,1307.4,0.0008,True
66,resnet,conv_2d_nchw_fchw_4x112x112x64x7x7x3_f16xf16xf32_stride2,4,112,112,64,7,7,3,2,f16,f32,2800.0,34.0764,0.3372,1307.4,0.0003,True
67,resnet,conv_2d_nchw_fchw_4x56x56x64x3x3x64_f16xf16xf32_stride1,4,56,56,64,3,3,64,1,f16,f32,120.0,184.6969,7.707,1307.4,0.0059,True
68,resnet,conv_2d_nchw_fchw_4x28x28x128x3x3x128_f16xf16xf32_stride2,4,28,28,128,3,3,128,2,f16,f32,199.0,173.0207,4.6475,1307.4,0.0036,True
69,resnet,conv_2d_nchw_fchw_4x28x28x512x1x1x256_f16xf16xf32_stride2,4,28,28,512,1,1,256,2,f16,f32,135.0,50.3775,6.0895,1307.4,0.0047,True
70,resnet,conv_2d_nchw_fchw_4x28x28x128x3x3x128_f16xf16xf32_stride1,4,28,28,128,3,3,128,1,f16,f32,174.0,327.7097,5.3152,1307.4,0.0041,True
71,resnet,conv_2d_nchw_fchw_4x14x14x256x3x3x256_f16xf16xf32_stride2,4,14,14,256,3,3,256,2,f16,f32,270.0,241.7473,3.4253,1307.4,0.0026,True
72,resnet,conv_2d_nchw_fchw_4x14x14x1024x1x1x512_f16xf16xf32_stride2,4,14,14,1024,1,1,512,2,f16,f32,174.0,90.5704,4.7246,1307.4,0.0036,True
73,resnet,conv_2d_nchw_fchw_4x14x14x256x3x3x256_f16xf16xf32_stride1,4,14,14,256,3,3,256,1,f16,f32,264.0,368.9412,3.5032,1307.4,0.0027,True
74,resnet,conv_2d_nchw_fchw_4x7x7x512x3x3x512_f16xf16xf32_stride2,4,7,7,512,3,3,512,2,f16,f32,496.0,149.9283,1.8646,1307.4,0.0014,True
75,resnet,conv_2d_nchw_fchw_4x7x7x2048x1x1x1024_f16xf16xf32_stride2,4,7,7,2048,1,1,1024,2,f16,f32,249.0,100.1517,3.3015,1307.4,0.0025,True
76,resnet,conv_2d_nchw_fchw_4x7x7x512x3x3x512_f16xf16xf32_stride1,4,7,7,512,3,3,512,1,f16,f32,465.0,169.6409,1.9889,1307.4,0.0015,True
77,resnet,conv_2d_nchw_fchw_8x112x112x64x7x7x3_f16xf16xf32_stride2,8,112,112,64,7,7,3,2,f16,f32,5890.0,34.088,0.3206,1307.4,0.0002,True
78,resnet,conv_2d_nchw_fchw_8x56x56x64x3x3x64_f16xf16xf32_stride1,8,56,56,64,3,3,64,1,f16,f32,180.0,186.0667,10.276,1307.4,0.0079,True
79,resnet,conv_2d_nchw_fchw_8x28x28x128x3x3x128_f16xf16xf32_stride2,8,28,28,128,3,3,128,2,f16,f32,232.0,177.9291,7.9728,1307.4,0.0061,True
80,resnet,conv_2d_nchw_fchw_8x28x28x512x1x1x256_f16xf16xf32_stride2,8,28,28,512,1,1,256,2,f16,f32,140.0,50.7854,11.7441,1307.4,0.009,True
81,resnet,conv_2d_nchw_fchw_8x28x28x128x3x3x128_f16xf16xf32_stride1,8,28,28,128,3,3,128,1,f16,f32,180.0,345.7764,10.276,1307.4,0.0079,True
82,resnet,conv_2d_nchw_fchw_8x14x14x256x3x3x256_f16xf16xf32_stride2,8,14,14,256,3,3,256,2,f16,f32,308.0,285.8127,6.0055,1307.4,0.0046,True
83,resnet,conv_2d_nchw_fchw_8x14x14x1024x1x1x512_f16xf16xf32_stride2,8,14,14,1024,1,1,512,2,f16,f32,185.0,96.1226,8.8874,1307.4,0.0068,True
84,resnet,conv_2d_nchw_fchw_8x14x14x256x3x3x256_f16xf16xf32_stride1,8,14,14,256,3,3,256,1,f16,f32,272.0,482.4615,6.8003,1307.4,0.0052,True
85,resnet,conv_2d_nchw_fchw_8x7x7x512x3x3x512_f16xf16xf32_stride2,8,7,7,512,3,3,512,2,f16,f32,505.0,242.7871,3.6627,1307.4,0.0028,True
86,resnet,conv_2d_nchw_fchw_8x7x7x2048x1x1x1024_f16xf16xf32_stride2,8,7,7,2048,1,1,1024,2,f16,f32,268.0,134.5201,6.135,1307.4,0.0047,True
87,resnet,conv_2d_nchw_fchw_8x7x7x512x3x3x512_f16xf16xf32_stride1,8,7,7,512,3,3,512,1,f16,f32,462.0,299.0623,4.0037,1307.4,0.0031,True
88,unet,conv_2d_nhwc_hwcf_1x128x128x16x3x3x320_f16xf16xf32_stride1,1,128,128,16,3,3,320,1,f16,f32,84.0,69.8906,17.9756,1307.4,0.0137,True
89,unet,conv_2d_nhwc_hwcf_1x128x128x320x3x3x320_f16xf16xf32_stride1,1,128,128,320,3,3,320,1,f16,f32,306.0,897.9584,98.6895,1307.4,0.0755,True
90,unet,conv_2d_nhwc_hwcf_1x64x64x320x3x3x320_f16xf16xf32_stride2,1,64,64,320,3,3,320,2,f16,f32,252.0,421.7246,29.9593,1307.4,0.0229,True
91,unet,conv_2d_nhwc_hwcf_1x64x64x320x3x3x640_f16xf16xf32_stride1,1,64,64,320,3,3,640,1,f16,f32,266.0,890.3004,56.765,1307.4,0.0434,True
92,unet,conv_2d_nhwc_hwcf_1x64x64x640x3x3x640_f16xf16xf32_stride1,1,64,64,640,3,3,640,1,f16,f32,472.0,1288.6694,63.9809,1307.4,0.0489,True
93,unet,conv_2d_nhwc_hwcf_1x64x64x320x1x1x640_f16xf16xf32_stride1,1,64,64,320,1,1,640,1,f16,f32,79.0,124.1212,21.237,1307.4,0.0162,True
94,unet,conv_2d_nhwc_hwcf_1x32x32x640x3x3x640_f16xf16xf32_stride2,1,32,32,640,3,3,640,2,f16,f32,471.0,484.8931,16.0292,1307.4,0.0123,True
95,unet,conv_2d_nhwc_hwcf_1x32x32x640x3x3x1280_f16xf16xf32_stride1,1,32,32,640,3,3,1280,1,f16,f32,458.0,703.3437,32.9683,1307.4,0.0252,True
96,unet,conv_2d_nhwc_hwcf_1x32x32x1280x3x3x1280_f16xf16xf32_stride1,1,32,32,1280,3,3,1280,1,f16,f32,834.0,801.1736,36.2098,1307.4,0.0277,True
97,unet,conv_2d_nhwc_hwcf_1x32x32x640x1x1x1280_f16xf16xf32_stride1,1,32,32,640,1,1,1280,1,f16,f32,93.0,204.8,18.04,1307.4,0.0138,True
98,unet,conv_2d_nhwc_hwcf_1x32x32x2560x3x3x1280_f16xf16xf32_stride1,1,32,32,2560,3,3,1280,1,f16,f32,1640.0,861.0569,36.828,1307.4,0.0282,True
99,unet,conv_2d_nhwc_hwcf_1x32x32x2560x1x1x1280_f16xf16xf32_stride1,1,32,32,2560,1,1,1280,1,f16,f32,236.0,393.8462,28.436,1307.4,0.0218,True
100,unet,conv_2d_nhwc_hwcf_1x32x32x1920x3x3x1280_f16xf16xf32_stride1,1,32,32,1920,3,3,1280,1,f16,f32,1170.0,840.1253,38.7167,1307.4,0.0296,True
101,unet,conv_2d_nhwc_hwcf_1x32x32x1920x1x1x1280_f16xf16xf32_stride1,1,32,32,1920,1,1,1280,1,f16,f32,184.0,357.2093,27.3542,1307.4,0.0209,True
102,unet,conv_2d_nhwc_hwcf_1x64x64x1280x3x3x1280_f16xf16xf32_stride1,1,64,64,1280,3,3,1280,1,f16,f32,1050.0,1960.5252,115.0438,1307.4,0.088,True
103,unet,conv_2d_nhwc_hwcf_1x64x64x1920x3x3x640_f16xf16xf32_stride1,1,64,64,1920,3,3,640,1,f16,f32,1240.0,1836.5044,73.0621,1307.4,0.0559,True
104,unet,conv_2d_nhwc_hwcf_1x64x64x1920x1x1x640_f16xf16xf32_stride1,1,64,64,1920,1,1,640,1,f16,f32,191.0,351.0857,52.7033,1307.4,0.0403,True
105,unet,conv_2d_nhwc_hwcf_1x64x64x1280x3x3x640_f16xf16xf32_stride1,1,64,64,1280,3,3,640,1,f16,f32,842.0,1660.0732,71.7316,1307.4,0.0549,True
106,unet,conv_2d_nhwc_hwcf_1x64x64x1280x1x1x640_f16xf16xf32_stride1,1,64,64,1280,1,1,640,1,f16,f32,152.0,296.8116,44.1506,1307.4,0.0338,True
107,unet,conv_2d_nhwc_hwcf_1x64x64x960x3x3x640_f16xf16xf32_stride1,1,64,64,960,3,3,640,1,f16,f32,685.0,1514.5699,66.1292,1307.4,0.0506,True
108,unet,conv_2d_nhwc_hwcf_1x64x64x960x1x1x640_f16xf16xf32_stride1,1,64,64,960,1,1,640,1,f16,f32,124.0,257.0711,40.59,1307.4,0.031,True
109,unet,conv_2d_nhwc_hwcf_1x128x128x640x3x3x640_f16xf16xf32_stride1,1,128,128,640,3,3,640,1,f16,f32,973.0,1702.6023,124.1479,1307.4,0.095,True
110,unet,conv_2d_nhwc_hwcf_1x128x128x960x3x3x320_f16xf16xf32_stride1,1,128,128,960,3,3,320,1,f16,f32,804.0,1536.8672,112.6828,1307.4,0.0862,True
111,unet,conv_2d_nhwc_hwcf_1x128x128x960x1x1x320_f16xf16xf32_stride1,1,128,128,960,1,1,320,1,f16,f32,128.0,189.7761,78.6432,1307.4,0.0602,True
112,unet,conv_2d_nhwc_hwcf_1x128x128x640x3x3x320_f16xf16xf32_stride1,1,128,128,640,3,3,320,1,f16,f32,539.0,1304.776,112.0556,1307.4,0.0857,True
113,unet,conv_2d_nhwc_hwcf_1x128x128x640x1x1x320_f16xf16xf32_stride1,1,128,128,640,1,1,320,1,f16,f32,103.0,158.4526,65.1542,1307.4,0.0498,True
114,unet,conv_2d_nhwc_hwcf_1x128x128x320x3x3x16_f16xf16xf32_stride1,1,128,128,320,3,3,16,1,f16,f32,145.0,126.2844,10.4134,1307.4,0.008,True
115,unet,conv_2d_nhwc_hwcf_2x128x128x16x3x3x320_f16xf16xf32_stride1,2,128,128,16,3,3,320,1,f16,f32,99.0,70.04,30.504,1307.4,0.0233,True
116,unet,conv_2d_nhwc_hwcf_2x128x128x320x3x3x320_f16xf16xf32_stride1,2,128,128,320,3,3,320,1,f16,f32,493.0,923.259,122.5111,1307.4,0.0937,True
117,unet,conv_2d_nhwc_hwcf_2x64x64x320x3x3x320_f16xf16xf32_stride2,2,64,64,320,3,3,320,2,f16,f32,255.0,444.6133,59.2137,1307.4,0.0453,True
118,unet,conv_2d_nhwc_hwcf_2x64x64x320x3x3x640_f16xf16xf32_stride1,2,64,64,320,3,3,640,1,f16,f32,313.0,998.8552,96.4824,1307.4,0.0738,True
119,unet,conv_2d_nhwc_hwcf_2x64x64x640x3x3x640_f16xf16xf32_stride1,2,64,64,640,3,3,640,1,f16,f32,573.0,1529.23,105.4066,1307.4,0.0806,True
120,unet,conv_2d_nhwc_hwcf_2x64x64x320x1x1x640_f16xf16xf32_stride1,2,64,64,320,1,1,640,1,f16,f32,85.0,126.0308,39.4758,1307.4,0.0302,True
121,unet,conv_2d_nhwc_hwcf_2x32x32x640x3x3x640_f16xf16xf32_stride2,2,32,32,640,3,3,640,2,f16,f32,466.0,635.3124,32.4023,1307.4,0.0248,True
122,unet,conv_2d_nhwc_hwcf_2x32x32x640x3x3x1280_f16xf16xf32_stride1,2,32,32,640,3,3,1280,1,f16,f32,451.0,1071.2386,66.9601,1307.4,0.0512,True
123,unet,conv_2d_nhwc_hwcf_2x32x32x1280x3x3x1280_f16xf16xf32_stride1,2,32,32,1280,3,3,1280,1,f16,f32,855.0,1315.9839,70.6409,1307.4,0.054,True
124,unet,conv_2d_nhwc_hwcf_2x32x32x640x1x1x1280_f16xf16xf32_stride1,2,32,32,640,1,1,1280,1,f16,f32,98.0,227.5556,34.2392,1307.4,0.0262,True
125,unet,conv_2d_nhwc_hwcf_2x32x32x2560x3x3x1280_f16xf16xf32_stride1,2,32,32,2560,3,3,1280,1,f16,f32,1630.0,1485.7028,74.1079,1307.4,0.0567,True
126,unet,conv_2d_nhwc_hwcf_2x32x32x2560x1x1x1280_f16xf16xf32_stride1,2,32,32,2560,1,1,1280,1,f16,f32,229.0,487.619,58.6104,1307.4,0.0448,True
127,unet,conv_2d_nhwc_hwcf_2x32x32x1920x3x3x1280_f16xf16xf32_stride1,2,32,32,1920,3,3,1280,1,f16,f32,1200.0,1424.4663,75.4975,1307.4,0.0577,True
128,unet,conv_2d_nhwc_hwcf_2x32x32x1920x1x1x1280_f16xf16xf32_stride1,2,32,32,1920,1,1,1280,1,f16,f32,189.0,432.6761,53.261,1307.4,0.0407,True
129,unet,conv_2d_nhwc_hwcf_2x64x64x1280x3x3x1280_f16xf16xf32_stride1,2,64,64,1280,3,3,1280,1,f16,f32,1840.0,2577.3389,131.3,1307.4,0.1004,True
130,unet,conv_2d_nhwc_hwcf_2x64x64x1920x3x3x640_f16xf16xf32_stride1,2,64,64,1920,3,3,640,1,f16,f32,1570.0,2367.1866,115.4101,1307.4,0.0883,True
131,unet,conv_2d_nhwc_hwcf_2x64x64x1920x1x1x640_f16xf16xf32_stride1,2,64,64,1920,1,1,640,1,f16,f32,222.0,366.806,90.6877,1307.4,0.0694,True
132,unet,conv_2d_nhwc_hwcf_2x64x64x1280x3x3x640_f16xf16xf32_stride1,2,64,64,1280,3,3,640,1,f16,f32,1070.0,2081.9767,112.8934,1307.4,0.0863,True
133,unet,conv_2d_nhwc_hwcf_2x64x64x1280x1x1x640_f16xf16xf32_stride1,2,64,64,1280,1,1,640,1,f16,f32,157.0,307.9699,85.489,1307.4,0.0654,True
134,unet,conv_2d_nhwc_hwcf_2x64x64x960x3x3x640_f16xf16xf32_stride1,2,64,64,960,3,3,640,1,f16,f32,848.0,1858.1035,106.836,1307.4,0.0817,True
135,unet,conv_2d_nhwc_hwcf_2x64x64x960x1x1x640_f16xf16xf32_stride1,2,64,64,960,1,1,640,1,f16,f32,139.0,265.3996,72.4196,1307.4,0.0554,True
136,unet,conv_2d_nhwc_hwcf_2x128x128x640x3x3x640_f16xf16xf32_stride1,2,128,128,640,3,3,640,1,f16,f32,1540.0,1795.9169,156.8779,1307.4,0.12,True
137,unet,conv_2d_nhwc_hwcf_2x128x128x960x3x3x320_f16xf16xf32_stride1,2,128,128,960,3,3,320,1,f16,f32,1490.0,1612.4956,121.6067,1307.4,0.093,True
138,unet,conv_2d_nhwc_hwcf_2x128x128x960x1x1x320_f16xf16xf32_stride1,2,128,128,960,1,1,320,1,f16,f32,196.0,190.8816,102.7176,1307.4,0.0786,True
139,unet,conv_2d_nhwc_hwcf_2x128x128x640x3x3x320_f16xf16xf32_stride1,2,128,128,640,3,3,320,1,f16,f32,957.0,1358.8849,126.2236,1307.4,0.0965,True
140,unet,conv_2d_nhwc_hwcf_2x128x128x640x1x1x320_f16xf16xf32_stride1,2,128,128,640,1,1,320,1,f16,f32,155.0,159.2225,86.5921,1307.4,0.0662,True
141,unet,conv_2d_nhwc_hwcf_2x128x128x320x3x3x16_f16xf16xf32_stride1,2,128,128,320,3,3,16,1,f16,f32,168.0,126.773,17.9756,1307.4,0.0137,True
142,unet,conv_2d_nhwc_hwcf_4x128x128x16x3x3x320_f16xf16xf32_stride1,4,128,128,16,3,3,320,1,f16,f32,132.0,70.1149,45.756,1307.4,0.035,True
143,unet,conv_2d_nhwc_hwcf_4x128x128x320x3x3x320_f16xf16xf32_stride1,4,128,128,320,3,3,320,1,f16,f32,842.0,936.4515,143.4631,1307.4,0.1097,True
144,unet,conv_2d_nhwc_hwcf_4x64x64x320x3x3x320_f16xf16xf32_stride2,4,64,64,320,3,3,320,2,f16,f32,302.0,457.0153,99.9967,1307.4,0.0765,True
145,unet,conv_2d_nhwc_hwcf_4x64x64x320x3x3x640_f16xf16xf32_stride1,4,64,64,320,3,3,640,1,f16,f32,515.0,1063.7042,117.2776,1307.4,0.0897,True
146,unet,conv_2d_nhwc_hwcf_4x64x64x640x3x3x640_f16xf16xf32_stride1,4,64,64,640,3,3,640,1,f16,f32,971.0,1686.6571,124.4037,1307.4,0.0952,True
147,unet,conv_2d_nhwc_hwcf_4x64x64x320x1x1x640_f16xf16xf32_stride1,4,64,64,320,1,1,640,1,f16,f32,110.0,127.0078,61.0081,1307.4,0.0467,True
148,unet,conv_2d_nhwc_hwcf_4x32x32x640x3x3x640_f16xf16xf32_stride2,4,32,32,640,3,3,640,2,f16,f32,465.0,751.9429,64.9441,1307.4,0.0497,True
149,unet,conv_2d_nhwc_hwcf_4x32x32x640x3x3x1280_f16xf16xf32_stride1,4,32,32,640,3,3,1280,1,f16,f32,566.0,1450.6247,106.7102,1307.4,0.0816,True
150,unet,conv_2d_nhwc_hwcf_4x32x32x1280x3x3x1280_f16xf16xf32_stride1,4,32,32,1280,3,3,1280,1,f16,f32,1060.0,1938.9349,113.9584,1307.4,0.0872,True
151,unet,conv_2d_nhwc_hwcf_4x32x32x640x1x1x1280_f16xf16xf32_stride1,4,32,32,640,1,1,1280,1,f16,f32,108.0,240.9412,62.1378,1307.4,0.0475,True
152,unet,conv_2d_nhwc_hwcf_4x32x32x2560x3x3x1280_f16xf16xf32_stride1,4,32,32,2560,3,3,1280,1,f16,f32,2090.0,2331.3202,115.5942,1307.4,0.0884,True
153,unet,conv_2d_nhwc_hwcf_4x32x32x2560x1x1x1280_f16xf16xf32_stride1,4,32,32,2560,1,1,1280,1,f16,f32,255.0,553.5135,105.2688,1307.4,0.0805,True
154,unet,conv_2d_nhwc_hwcf_4x32x32x1920x3x3x1280_f16xf16xf32_stride1,4,32,32,1920,3,3,1280,1,f16,f32,1520.0,2183.9941,119.2065,1307.4,0.0912,True
155,unet,conv_2d_nhwc_hwcf_4x32x32x1920x1x1x1280_f16xf16xf32_stride1,4,32,32,1920,1,1,1280,1,f16,f32,210.0,483.7795,95.8698,1307.4,0.0733,True
156,unet,conv_2d_nhwc_hwcf_4x64x64x1280x3x3x1280_f16xf16xf32_stride1,4,64,64,1280,3,3,1280,1,f16,f32,2950.0,3058.4599,163.7911,1307.4,0.1253,True
157,unet,conv_2d_nhwc_hwcf_4x64x64x1920x3x3x640_f16xf16xf32_stride1,4,64,64,1920,3,3,640,1,f16,f32,3000.0,2766.9617,120.796,1307.4,0.0924,True
158,unet,conv_2d_nhwc_hwcf_4x64x64x1920x1x1x640_f16xf16xf32_stride1,4,64,64,1920,1,1,640,1,f16,f32,354.0,375.2061,113.7438,1307.4,0.087,True
159,unet,conv_2d_nhwc_hwcf_4x64x64x1280x3x3x640_f16xf16xf32_stride1,4,64,64,1280,3,3,640,1,f16,f32,1860.0,2385.0546,129.8881,1307.4,0.0993,True
160,unet,conv_2d_nhwc_hwcf_4x64x64x1280x1x1x640_f16xf16xf32_stride1,4,64,64,1280,1,1,640,1,f16,f32,261.0,313.8697,102.8488,1307.4,0.0787,True
161,unet,conv_2d_nhwc_hwcf_4x64x64x960x3x3x640_f16xf16xf32_stride1,4,64,64,960,3,3,640,1,f16,f32,1470.0,2095.7859,123.2612,1307.4,0.0943,True
162,unet,conv_2d_nhwc_hwcf_4x64x64x960x1x1x640_f16xf16xf32_stride1,4,64,64,960,1,1,640,1,f16,f32,216.0,269.7695,93.2068,1307.4,0.0713,True
163,unet,conv_2d_nhwc_hwcf_4x128x128x640x3x3x640_f16xf16xf32_stride1,4,128,128,640,3,3,640,1,f16,f32,2800.0,1846.518,172.5657,1307.4,0.132,True
164,unet,conv_2d_nhwc_hwcf_4x128x128x960x3x3x320_f16xf16xf32_stride1,4,128,128,960,3,3,320,1,f16,f32,2580.0,1653.1714,140.4604,1307.4,0.1074,True
165,unet,conv_2d_nhwc_hwcf_4x128x128x960x1x1x320_f16xf16xf32_stride1,4,128,128,960,1,1,320,1,f16,f32,298.0,191.4391,135.1185,1307.4,0.1033,True
166,unet,conv_2d_nhwc_hwcf_4x128x128x640x3x3x320_f16xf16xf32_stride1,4,128,128,640,3,3,320,1,f16,f32,1660.0,1387.6579,145.5373,1307.4,0.1113,True
167,unet,conv_2d_nhwc_hwcf_4x128x128x640x1x1x320_f16xf16xf32_stride1,4,128,128,640,1,1,320,1,f16,f32,216.0,159.6103,124.2757,1307.4,0.0951,True
168,unet,conv_2d_nhwc_hwcf_4x128x128x320x3x3x16_f16xf16xf32_stride1,4,128,128,320,3,3,16,1,f16,f32,233.0,127.0187,25.9219,1307.4,0.0198,True
169,unet,conv_2d_nhwc_hwcf_8x128x128x16x3x3x320_f16xf16xf32_stride1,8,128,128,16,3,3,320,1,f16,f32,199.0,70.1524,60.7015,1307.4,0.0464,True
170,unet,conv_2d_nhwc_hwcf_8x128x128x320x3x3x320_f16xf16xf32_stride1,8,128,128,320,3,3,320,1,f16,f32,1580.0,943.1902,152.9063,1307.4,0.117,True
171,unet,conv_2d_nhwc_hwcf_8x64x64x320x3x3x320_f16xf16xf32_stride2,8,64,64,320,3,3,320,2,f16,f32,511.0,463.4795,118.1957,1307.4,0.0904,True
172,unet,conv_2d_nhwc_hwcf_8x64x64x320x3x3x640_f16xf16xf32_stride1,8,64,64,320,3,3,640,1,f16,f32,795.0,1099.3924,151.9446,1307.4,0.1162,True
173,unet,conv_2d_nhwc_hwcf_8x64x64x640x3x3x640_f16xf16xf32_stride1,8,64,64,640,3,3,640,1,f16,f32,1540.0,1778.1851,156.8779,1307.4,0.12,True
174,unet,conv_2d_nhwc_hwcf_8x64x64x320x1x1x640_f16xf16xf32_stride1,8,64,64,320,1,1,640,1,f16,f32,149.0,127.5019,90.079,1307.4,0.0689,True
175,unet,conv_2d_nhwc_hwcf_8x32x32x640x3x3x640_f16xf16xf32_stride2,8,32,32,640,3,3,640,2,f16,f32,577.0,827.9394,104.6759,1307.4,0.0801,True
176,unet,conv_2d_nhwc_hwcf_8x32x32x640x3x3x1280_f16xf16xf32_stride1,8,32,32,640,3,3,1280,1,f16,f32,954.0,1762.7735,126.6205,1307.4,0.0968,True
177,unet,conv_2d_nhwc_hwcf_8x32x32x1280x3x3x1280_f16xf16xf32_stride1,8,32,32,1280,3,3,1280,1,f16,f32,1840.0,2540.155,131.3,1307.4,0.1004,True
178,unet,conv_2d_nhwc_hwcf_8x32x32x640x1x1x1280_f16xf16xf32_stride1,8,32,32,640,1,1,1280,1,f16,f32,156.0,248.2424,86.037,1307.4,0.0658,True
179,unet,conv_2d_nhwc_hwcf_8x32x32x2560x3x3x1280_f16xf16xf32_stride1,8,32,32,2560,3,3,1280,1,f16,f32,3760.0,3258.6961,128.5063,1307.4,0.0983,True
180,unet,conv_2d_nhwc_hwcf_8x32x32x2560x1x1x1280_f16xf16xf32_stride1,8,32,32,2560,1,1,1280,1,f16,f32,447.0,593.6232,120.1053,1307.4,0.0919,True
181,unet,conv_2d_nhwc_hwcf_8x32x32x1920x3x3x1280_f16xf16xf32_stride1,8,32,32,1920,3,3,1280,1,f16,f32,2740.0,2977.9064,132.2583,1307.4,0.1012,True
182,unet,conv_2d_nhwc_hwcf_8x32x32x1920x1x1x1280_f16xf16xf32_stride1,8,32,32,1920,1,1,1280,1,f16,f32,350.0,514.1423,115.0438,1307.4,0.088,True
183,unet,conv_2d_nhwc_hwcf_8x64x64x1280x3x3x1280_f16xf16xf32_stride1,8,64,64,1280,3,3,1280,1,f16,f32,5460.0,3373.3143,176.9904,1307.4,0.1354,True
184,unet,conv_2d_nhwc_hwcf_8x64x64x1920x3x3x640_f16xf16xf32_stride1,8,64,64,1920,3,3,640,1,f16,f32,5020.0,3022.1554,144.3776,1307.4,0.1104,True
185,unet,conv_2d_nhwc_hwcf_8x64x64x1920x1x1x640_f16xf16xf32_stride1,8,64,64,1920,1,1,640,1,f16,f32,533.0,379.5521,151.0894,1307.4,0.1156,True
186,unet,conv_2d_nhwc_hwcf_8x64x64x1280x3x3x640_f16xf16xf32_stride1,8,64,64,1280,3,3,640,1,f16,f32,2990.0,2572.2809,161.5999,1307.4,0.1236,True
187,unet,conv_2d_nhwc_hwcf_8x64x64x1280x1x1x640_f16xf16xf32_stride1,8,64,64,1280,1,1,640,1,f16,f32,369.0,316.9052,145.4935,1307.4,0.1113,True
188,unet,conv_2d_nhwc_hwcf_8x64x64x960x3x3x640_f16xf16xf32_stride1,8,64,64,960,3,3,640,1,f16,f32,2350.0,2238.9877,154.2076,1307.4,0.1179,True
189,unet,conv_2d_nhwc_hwcf_8x64x64x960x1x1x640_f16xf16xf32_stride1,8,64,64,960,1,1,640,1,f16,f32,302.0,272.0089,133.3289,1307.4,0.102,True
190,unet,conv_2d_nhwc_hwcf_8x128x128x640x3x3x640_f16xf16xf32_stride1,8,128,128,640,3,3,640,1,f16,f32,5470.0,1872.9031,176.6668,1307.4,0.1351,True
191,unet,conv_2d_nhwc_hwcf_8x128x128x960x3x3x320_f16xf16xf32_stride1,8,128,128,960,3,3,320,1,f16,f32,4980.0,1674.2887,145.5373,1307.4,0.1113,True
192,unet,conv_2d_nhwc_hwcf_8x128x128x960x1x1x320_f16xf16xf32_stride1,8,128,128,960,1,1,320,1,f16,f32,557.0,191.7192,144.5792,1307.4,0.1106,True
193,unet,conv_2d_nhwc_hwcf_8x128x128x640x3x3x320_f16xf16xf32_stride1,8,128,128,640,3,3,320,1,f16,f32,3170.0,1402.5062,152.4239,1307.4,0.1166,True
194,unet,conv_2d_nhwc_hwcf_8x128x128x640x1x1x320_f16xf16xf32_stride1,8,128,128,640,1,1,320,1,f16,f32,384.0,159.8049,139.8101,1307.4,0.1069,True
195,unet,conv_2d_nhwc_hwcf_8x128x128x320x3x3x16_f16xf16xf32_stride1,8,128,128,320,3,3,16,1,f16,f32,376.0,127.1419,32.1266,1307.4,0.0246,True
196,unet,conv_2d_nchw_fchw_1x128x128x16x3x3x320_f16xf16xf32_stride1,1,128,128,16,3,3,320,1,f16,f32,150.0,69.8906,10.0663,1307.4,0.0077,True
197,unet,conv_2d_nchw_fchw_1x128x128x320x3x3x320_f16xf16xf32_stride1,1,128,128,320,3,3,320,1,f16,f32,1580.0,897.9584,19.1133,1307.4,0.0146,True
198,unet,conv_2d_nchw_fchw_1x64x64x320x3x3x320_f16xf16xf32_stride2,1,64,64,320,3,3,320,2,f16,f32,564.0,421.7246,13.3861,1307.4,0.0102,True
199,unet,conv_2d_nchw_fchw_1x64x64x320x3x3x640_f16xf16xf32_stride1,1,64,64,320,3,3,640,1,f16,f32,848.0,890.3004,17.806,1307.4,0.0136,True
200,unet,conv_2d_nchw_fchw_1x64x64x640x3x3x640_f16xf16xf32_stride1,1,64,64,640,3,3,640,1,f16,f32,1740.0,1288.6694,17.3557,1307.4,0.0133,True
201,unet,conv_2d_nchw_fchw_1x64x64x320x1x1x640_f16xf16xf32_stride1,1,64,64,320,1,1,640,1,f16,f32,156.0,124.1212,10.7546,1307.4,0.0082,True
202,unet,conv_2d_nchw_fchw_1x32x32x640x3x3x640_f16xf16xf32_stride2,1,32,32,640,3,3,640,2,f16,f32,869.0,484.8931,8.6879,1307.4,0.0066,True
203,unet,conv_2d_nchw_fchw_1x32x32x640x3x3x1280_f16xf16xf32_stride1,1,32,32,640,3,3,1280,1,f16,f32,763.0,703.3437,19.7896,1307.4,0.0151,True
204,unet,conv_2d_nchw_fchw_1x32x32x1280x3x3x1280_f16xf16xf32_stride1,1,32,32,1280,3,3,1280,1,f16,f32,1520.0,801.1736,19.8678,1307.4,0.0152,True
205,unet,conv_2d_nchw_fchw_1x32x32x640x1x1x1280_f16xf16xf32_stride1,1,32,32,640,1,1,1280,1,f16,f32,139.0,204.8,12.0699,1307.4,0.0092,True
206,unet,conv_2d_nchw_fchw_1x32x32x2560x3x3x1280_f16xf16xf32_stride1,1,32,32,2560,3,3,1280,1,f16,f32,2980.0,861.0569,20.2678,1307.4,0.0155,True
207,unet,conv_2d_nchw_fchw_1x32x32x2560x1x1x1280_f16xf16xf32_stride1,1,32,32,2560,1,1,1280,1,f16,f32,366.0,393.8462,18.3358,1307.4,0.014,True
208,unet,conv_2d_nchw_fchw_1x32x32x1920x3x3x1280_f16xf16xf32_stride1,1,32,32,1920,3,3,1280,1,f16,f32,2150.0,840.1253,21.0691,1307.4,0.0161,True
209,unet,conv_2d_nchw_fchw_1x32x32x1920x1x1x1280_f16xf16xf32_stride1,1,32,32,1920,1,1,1280,1,f16,f32,294.0,357.2093,17.1196,1307.4,0.0131,True
210,unet,conv_2d_nchw_fchw_1x64x64x1280x3x3x1280_f16xf16xf32_stride1,1,64,64,1280,3,3,1280,1,f16,f32,11300.0,1960.5252,10.6899,1307.4,0.0082,True
211,unet,conv_2d_nchw_fchw_1x64x64x1920x3x3x640_f16xf16xf32_stride1,1,64,64,1920,3,3,640,1,f16,f32,5660.0,1836.5044,16.0065,1307.4,0.0122,True
212,unet,conv_2d_nchw_fchw_1x64x64x1920x1x1x640_f16xf16xf32_stride1,1,64,64,1920,1,1,640,1,f16,f32,514.0,351.0857,19.5843,1307.4,0.015,True
213,unet,conv_2d_nchw_fchw_1x64x64x1280x3x3x640_f16xf16xf32_stride1,1,64,64,1280,3,3,640,1,f16,f32,4000.0,1660.0732,15.0995,1307.4,0.0115,True
214,unet,conv_2d_nchw_fchw_1x64x64x1280x1x1x640_f16xf16xf32_stride1,1,64,64,1280,1,1,640,1,f16,f32,382.0,296.8116,17.5678,1307.4,0.0134,True
215,unet,conv_2d_nchw_fchw_1x64x64x960x3x3x640_f16xf16xf32_stride1,1,64,64,960,3,3,640,1,f16,f32,2460.0,1514.5699,18.414,1307.4,0.0141,True
216,unet,conv_2d_nchw_fchw_1x64x64x960x1x1x640_f16xf16xf32_stride1,1,64,64,960,1,1,640,1,f16,f32,296.0,257.0711,17.0039,1307.4,0.013,True
217,unet,conv_2d_nchw_fchw_1x128x128x640x3x3x640_f16xf16xf32_stride1,1,128,128,640,3,3,640,1,f16,f32,10300.0,1702.6023,11.7278,1307.4,0.009,True
218,unet,conv_2d_nchw_fchw_1x128x128x960x3x3x320_f16xf16xf32_stride1,1,128,128,960,3,3,320,1,f16,f32,8240.0,1536.8672,10.9948,1307.4,0.0084,True
219,unet,conv_2d_nchw_fchw_1x128x128x960x1x1x320_f16xf16xf32_stride1,1,128,128,960,1,1,320,1,f16,f32,507.0,189.7761,19.8547,1307.4,0.0152,True
220,unet,conv_2d_nchw_fchw_1x128x128x640x3x3x320_f16xf16xf32_stride1,1,128,128,640,3,3,320,1,f16,f32,5070.0,1304.776,11.9128,1307.4,0.0091,True
221,unet,conv_2d_nchw_fchw_1x128x128x640x1x1x320_f16xf16xf32_stride1,1,128,128,640,1,1,320,1,f16,f32,359.0,158.4526,18.6933,1307.4,0.0143,True
222,unet,conv_2d_nchw_fchw_1x128x128x320x3x3x16_f16xf16xf32_stride1,1,128,128,320,3,3,16,1,f16,f32,374.0,126.2844,4.0373,1307.4,0.0031,True
223,unet,conv_2d_nchw_fchw_2x128x128x16x3x3x320_f16xf16xf32_stride1,2,128,128,16,3,3,320,1,f16,f32,239.0,70.04,12.6356,1307.4,0.0097,True
224,unet,conv_2d_nchw_fchw_2x128x128x320x3x3x320_f16xf16xf32_stride1,2,128,128,320,3,3,320,1,f16,f32,4590.0,923.259,13.1586,1307.4,0.0101,True
225,unet,conv_2d_nchw_fchw_2x64x64x320x3x3x320_f16xf16xf32_stride2,2,64,64,320,3,3,320,2,f16,f32,1010.0,444.6133,14.95,1307.4,0.0114,True
226,unet,conv_2d_nchw_fchw_2x64x64x320x3x3x640_f16xf16xf32_stride1,2,64,64,320,3,3,640,1,f16,f32,1510.0,998.8552,19.9993,1307.4,0.0153,True
227,unet,conv_2d_nchw_fchw_2x64x64x640x3x3x640_f16xf16xf32_stride1,2,64,64,640,3,3,640,1,f16,f32,3130.0,1529.23,19.2965,1307.4,0.0148,True
228,unet,conv_2d_nchw_fchw_2x64x64x320x1x1x640_f16xf16xf32_stride1,2,64,64,320,1,1,640,1,f16,f32,227.0,126.0308,14.7817,1307.4,0.0113,True
229,unet,conv_2d_nchw_fchw_2x32x32x640x3x3x640_f16xf16xf32_stride2,2,32,32,640,3,3,640,2,f16,f32,876.0,635.3124,17.2369,1307.4,0.0132,True
230,unet,conv_2d_nchw_fchw_2x32x32x640x3x3x1280_f16xf16xf32_stride1,2,32,32,640,3,3,1280,1,f16,f32,1140.0,1071.2386,26.4903,1307.4,0.0203,True
231,unet,conv_2d_nchw_fchw_2x32x32x1280x3x3x1280_f16xf16xf32_stride1,2,32,32,1280,3,3,1280,1,f16,f32,2960.0,1315.9839,20.4047,1307.4,0.0156,True
232,unet,conv_2d_nchw_fchw_2x32x32x640x1x1x1280_f16xf16xf32_stride1,2,32,32,640,1,1,1280,1,f16,f32,184.0,227.5556,18.2361,1307.4,0.0139,True
233,unet,conv_2d_nchw_fchw_2x32x32x2560x3x3x1280_f16xf16xf32_stride1,2,32,32,2560,3,3,1280,1,f16,f32,5870.0,1485.7028,20.5785,1307.4,0.0157,True
234,unet,conv_2d_nchw_fchw_2x32x32x2560x1x1x1280_f16xf16xf32_stride1,2,32,32,2560,1,1,1280,1,f16,f32,508.0,487.619,26.4208,1307.4,0.0202,True
235,unet,conv_2d_nchw_fchw_2x32x32x1920x3x3x1280_f16xf16xf32_stride1,2,32,32,1920,3,3,1280,1,f16,f32,4040.0,1424.4663,22.425,1307.4,0.0172,True
236,unet,conv_2d_nchw_fchw_2x32x32x1920x1x1x1280_f16xf16xf32_stride1,2,32,32,1920,1,1,1280,1,f16,f32,387.0,432.6761,26.0112,1307.4,0.0199,True
237,unet,conv_2d_nchw_fchw_2x64x64x1280x3x3x1280_f16xf16xf32_stride1,2,64,64,1280,3,3,1280,1,f16,f32,24400.0,2577.3389,9.9013,1307.4,0.0076,True
238,unet,conv_2d_nchw_fchw_2x64x64x1920x3x3x640_f16xf16xf32_stride1,2,64,64,1920,3,3,640,1,f16,f32,20300.0,2367.1866,8.9258,1307.4,0.0068,True
239,unet,conv_2d_nchw_fchw_2x64x64x1920x1x1x640_f16xf16xf32_stride1,2,64,64,1920,1,1,640,1,f16,f32,775.0,366.806,25.9776,1307.4,0.0199,True
240,unet,conv_2d_nchw_fchw_2x64x64x1280x3x3x640_f16xf16xf32_stride1,2,64,64,1280,3,3,640,1,f16,f32,12300.0,2081.9767,9.8208,1307.4,0.0075,True
241,unet,conv_2d_nchw_fchw_2x64x64x1280x1x1x640_f16xf16xf32_stride1,2,64,64,1280,1,1,640,1,f16,f32,592.0,307.9699,22.6719,1307.4,0.0173,True
242,unet,conv_2d_nchw_fchw_2x64x64x960x3x3x640_f16xf16xf32_stride1,2,64,64,960,3,3,640,1,f16,f32,4480.0,1858.1035,20.2225,1307.4,0.0155,True
243,unet,conv_2d_nchw_fchw_2x64x64x960x1x1x640_f16xf16xf32_stride1,2,64,64,960,1,1,640,1,f16,f32,444.0,265.3996,22.6719,1307.4,0.0173,True
244,unet,conv_2d_nchw_fchw_2x128x128x640x3x3x640_f16xf16xf32_stride1,2,128,128,640,3,3,640,1,f16,f32,23900.0,1795.9169,10.1084,1307.4,0.0077,True
245,unet,conv_2d_nchw_fchw_2x128x128x960x3x3x320_f16xf16xf32_stride1,2,128,128,960,3,3,320,1,f16,f32,20700.0,1612.4956,8.7533,1307.4,0.0067,True
246,unet,conv_2d_nchw_fchw_2x128x128x960x1x1x320_f16xf16xf32_stride1,2,128,128,960,1,1,320,1,f16,f32,1420.0,190.8816,14.1779,1307.4,0.0108,True
247,unet,conv_2d_nchw_fchw_2x128x128x640x3x3x320_f16xf16xf32_stride1,2,128,128,640,3,3,320,1,f16,f32,12100.0,1358.8849,9.9831,1307.4,0.0076,True
248,unet,conv_2d_nchw_fchw_2x128x128x640x1x1x320_f16xf16xf32_stride1,2,128,128,640,1,1,320,1,f16,f32,901.0,159.2225,14.8965,1307.4,0.0114,True
249,unet,conv_2d_nchw_fchw_2x128x128x320x3x3x16_f16xf16xf32_stride1,2,128,128,320,3,3,16,1,f16,f32,549.0,126.773,5.5007,1307.4,0.0042,True
250,unet,conv_2d_nchw_fchw_4x128x128x16x3x3x320_f16xf16xf32_stride1,4,128,128,16,3,3,320,1,f16,f32,393.0,70.1149,15.3684,1307.4,0.0118,True
251,unet,conv_2d_nchw_fchw_4x128x128x320x3x3x320_f16xf16xf32_stride1,4,128,128,320,3,3,320,1,f16,f32,10500.0,936.4515,11.5044,1307.4,0.0088,True
252,unet,conv_2d_nchw_fchw_4x64x64x320x3x3x320_f16xf16xf32_stride2,4,64,64,320,3,3,320,2,f16,f32,2680.0,457.0153,11.2683,1307.4,0.0086,True
253,unet,conv_2d_nchw_fchw_4x64x64x320x3x3x640_f16xf16xf32_stride1,4,64,64,320,3,3,640,1,f16,f32,3000.0,1063.7042,20.1327,1307.4,0.0154,True
254,unet,conv_2d_nchw_fchw_4x64x64x640x3x3x640_f16xf16xf32_stride1,4,64,64,640,3,3,640,1,f16,f32,9550.0,1686.6571,12.6488,1307.4,0.0097,True
255,unet,conv_2d_nchw_fchw_4x64x64x320x1x1x640_f16xf16xf32_stride1,4,64,64,320,1,1,640,1,f16,f32,386.0,127.0078,17.3857,1307.4,0.0133,True
256,unet,conv_2d_nchw_fchw_4x32x32x640x3x3x640_f16xf16xf32_stride2,4,32,32,640,3,3,640,2,f16,f32,1680.0,751.9429,17.9756,1307.4,0.0137,True
257,unet,conv_2d_nchw_fchw_4x32x32x640x3x3x1280_f16xf16xf32_stride1,4,32,32,640,3,3,1280,1,f16,f32,2150.0,1450.6247,28.0921,1307.4,0.0215,True
258,unet,conv_2d_nchw_fchw_4x32x32x1280x3x3x1280_f16xf16xf32_stride1,4,32,32,1280,3,3,1280,1,f16,f32,5630.0,1938.9349,21.4558,1307.4,0.0164,True
259,unet,conv_2d_nchw_fchw_4x32x32x640x1x1x1280_f16xf16xf32_stride1,4,32,32,640,1,1,1280,1,f16,f32,239.0,240.9412,28.079,1307.4,0.0215,True
260,unet,conv_2d_nchw_fchw_4x32x32x2560x3x3x1280_f16xf16xf32_stride1,4,32,32,2560,3,3,1280,1,f16,f32,13100.0,2331.3202,18.4421,1307.4,0.0141,True
261,unet,conv_2d_nchw_fchw_4x32x32x2560x1x1x1280_f16xf16xf32_stride1,4,32,32,2560,1,1,1280,1,f16,f32,759.0,553.5135,35.367,1307.4,0.0271,True
262,unet,conv_2d_nchw_fchw_4x32x32x1920x3x3x1280_f16xf16xf32_stride1,4,32,32,1920,3,3,1280,1,f16,f32,8840.0,2183.9941,20.4971,1307.4,0.0157,True
263,unet,conv_2d_nchw_fchw_4x32x32x1920x1x1x1280_f16xf16xf32_stride1,4,32,32,1920,1,1,1280,1,f16,f32,549.0,483.7795,36.6715,1307.4,0.028,True
264,unet,conv_2d_nchw_fchw_4x64x64x1280x3x3x1280_f16xf16xf32_stride1,4,64,64,1280,3,3,1280,1,f16,f32,54300.0,3058.4599,8.8984,1307.4,0.0068,True
265,unet,conv_2d_nchw_fchw_4x64x64x1920x3x3x640_f16xf16xf32_stride1,4,64,64,1920,3,3,640,1,f16,f32,42200.0,2766.9617,8.5874,1307.4,0.0066,True
266,unet,conv_2d_nchw_fchw_4x64x64x1920x1x1x640_f16xf16xf32_stride1,4,64,64,1920,1,1,640,1,f16,f32,1530.0,375.2061,26.3172,1307.4,0.0201,True
267,unet,conv_2d_nchw_fchw_4x64x64x1280x3x3x640_f16xf16xf32_stride1,4,64,64,1280,3,3,640,1,f16,f32,26000.0,2385.0546,9.292,1307.4,0.0071,True
268,unet,conv_2d_nchw_fchw_4x64x64x1280x1x1x640_f16xf16xf32_stride1,4,64,64,1280,1,1,640,1,f16,f32,1040.0,313.8697,25.8111,1307.4,0.0197,True
269,unet,conv_2d_nchw_fchw_4x64x64x960x3x3x640_f16xf16xf32_stride1,4,64,64,960,3,3,640,1,f16,f32,16500.0,2095.7859,10.9815,1307.4,0.0084,True
270,unet,conv_2d_nchw_fchw_4x64x64x960x1x1x640_f16xf16xf32_stride1,4,64,64,960,1,1,640,1,f16,f32,776.0,269.7695,25.9441,1307.4,0.0198,True
271,unet,conv_2d_nchw_fchw_4x128x128x640x3x3x640_f16xf16xf32_stride1,4,128,128,640,3,3,640,1,f16,f32,51700.0,1846.518,9.3459,1307.4,0.0071,True
272,unet,conv_2d_nchw_fchw_4x128x128x960x3x3x320_f16xf16xf32_stride1,4,128,128,960,3,3,320,1,f16,f32,44500.0,1653.1714,8.1435,1307.4,0.0062,True
273,unet,conv_2d_nchw_fchw_4x128x128x960x1x1x320_f16xf16xf32_stride1,4,128,128,960,1,1,320,1,f16,f32,3330.0,191.4391,12.0917,1307.4,0.0092,True
274,unet,conv_2d_nchw_fchw_4x128x128x640x3x3x320_f16xf16xf32_stride1,4,128,128,640,3,3,320,1,f16,f32,26700.0,1387.6579,9.0484,1307.4,0.0069,True
275,unet,conv_2d_nchw_fchw_4x128x128x640x1x1x320_f16xf16xf32_stride1,4,128,128,640,1,1,320,1,f16,f32,2100.0,159.6103,12.7826,1307.4,0.0098,True
276,unet,conv_2d_nchw_fchw_4x128x128x320x3x3x16_f16xf16xf32_stride1,4,128,128,320,3,3,16,1,f16,f32,2150.0,127.0187,2.8092,1307.4,0.0021,True
277,unet,conv_2d_nchw_fchw_8x128x128x16x3x3x320_f16xf16xf32_stride1,8,128,128,16,3,3,320,1,f16,f32,723.0,70.1524,16.7076,1307.4,0.0128,True
278,unet,conv_2d_nchw_fchw_8x128x128x320x3x3x320_f16xf16xf32_stride1,8,128,128,320,3,3,320,1,f16,f32,22400.0,943.1902,10.7854,1307.4,0.0082,True
279,unet,conv_2d_nchw_fchw_8x64x64x320x3x3x320_f16xf16xf32_stride2,8,64,64,320,3,3,320,2,f16,f32,6270.0,463.4795,9.6329,1307.4,0.0074,True
280,unet,conv_2d_nchw_fchw_8x64x64x320x3x3x640_f16xf16xf32_stride1,8,64,64,320,3,3,640,1,f16,f32,8100.0,1099.3924,14.9131,1307.4,0.0114,True
281,unet,conv_2d_nchw_fchw_8x64x64x640x3x3x640_f16xf16xf32_stride1,8,64,64,640,3,3,640,1,f16,f32,22900.0,1778.1851,10.5499,1307.4,0.0081,True
282,unet,conv_2d_nchw_fchw_8x64x64x320x1x1x640_f16xf16xf32_stride1,8,64,64,320,1,1,640,1,f16,f32,643.0,127.5019,20.8737,1307.4,0.016,True
283,unet,conv_2d_nchw_fchw_8x32x32x640x3x3x640_f16xf16xf32_stride2,8,32,32,640,3,3,640,2,f16,f32,2780.0,827.9394,21.7259,1307.4,0.0166,True
284,unet,conv_2d_nchw_fchw_8x32x32x640x3x3x1280_f16xf16xf32_stride1,8,32,32,640,3,3,1280,1,f16,f32,4100.0,1762.7735,29.4624,1307.4,0.0225,True
285,unet,conv_2d_nchw_fchw_8x32x32x1280x3x3x1280_f16xf16xf32_stride1,8,32,32,1280,3,3,1280,1,f16,f32,12900.0,2540.155,18.7281,1307.4,0.0143,True
286,unet,conv_2d_nchw_fchw_8x32x32x640x1x1x1280_f16xf16xf32_stride1,8,32,32,640,1,1,1280,1,f16,f32,369.0,248.2424,36.3734,1307.4,0.0278,True
287,unet,conv_2d_nchw_fchw_8x32x32x2560x3x3x1280_f16xf16xf32_stride1,8,32,32,2560,3,3,1280,1,f16,f32,30600.0,3258.6961,15.7903,1307.4,0.0121,True
288,unet,conv_2d_nchw_fchw_8x32x32x2560x1x1x1280_f16xf16xf32_stride1,8,32,32,2560,1,1,1280,1,f16,f32,1170.0,593.6232,45.8864,1307.4,0.0351,True
289,unet,conv_2d_nchw_fchw_8x32x32x1920x3x3x1280_f16xf16xf32_stride1,8,32,32,1920,3,3,1280,1,f16,f32,21300.0,2977.9064,17.0135,1307.4,0.013,True
290,unet,conv_2d_nchw_fchw_8x32x32x1920x1x1x1280_f16xf16xf32_stride1,8,32,32,1920,1,1,1280,1,f16,f32,919.0,514.1423,43.8143,1307.4,0.0335,True
291,unet,conv_2d_nchw_fchw_8x64x64x1280x3x3x1280_f16xf16xf32_stride1,8,64,64,1280,3,3,1280,1,f16,f32,116000.0,3373.3143,8.3308,1307.4,0.0064,True
292,unet,conv_2d_nchw_fchw_8x64x64x1920x3x3x640_f16xf16xf32_stride1,8,64,64,1920,3,3,640,1,f16,f32,92900.0,3022.1554,7.8017,1307.4,0.006,True
293,unet,conv_2d_nchw_fchw_8x64x64x1920x1x1x640_f16xf16xf32_stride1,8,64,64,1920,1,1,640,1,f16,f32,4380.0,379.5521,18.386,1307.4,0.0141,True
294,unet,conv_2d_nchw_fchw_8x64x64x1280x3x3x640_f16xf16xf32_stride1,8,64,64,1280,3,3,640,1,f16,f32,57300.0,2572.2809,8.4325,1307.4,0.0064,True
295,unet,conv_2d_nchw_fchw_8x64x64x1280x1x1x640_f16xf16xf32_stride1,8,64,64,1280,1,1,640,1,f16,f32,2570.0,316.9052,20.8899,1307.4,0.016,True
296,unet,conv_2d_nchw_fchw_8x64x64x960x3x3x640_f16xf16xf32_stride1,8,64,64,960,3,3,640,1,f16,f32,38800.0,2238.9877,9.3399,1307.4,0.0071,True
297,unet,conv_2d_nchw_fchw_8x64x64x960x1x1x640_f16xf16xf32_stride1,8,64,64,960,1,1,640,1,f16,f32,1660.0,272.0089,24.2562,1307.4,0.0186,True
298,unet,conv_2d_nchw_fchw_8x128x128x640x3x3x640_f16xf16xf32_stride1,8,128,128,640,3,3,640,1,f16,f32,107000.0,1872.9031,9.0315,1307.4,0.0069,True
299,unet,conv_2d_nchw_fchw_8x128x128x960x3x3x320_f16xf16xf32_stride1,8,128,128,960,3,3,320,1,f16,f32,91900.0,1674.2887,7.8866,1307.4,0.006,True
300,unet,conv_2d_nchw_fchw_8x128x128x960x1x1x320_f16xf16xf32_stride1,8,128,128,960,1,1,320,1,f16,f32,7150.0,191.7192,11.263,1307.4,0.0086,True
301,unet,conv_2d_nchw_fchw_8x128x128x640x3x3x320_f16xf16xf32_stride1,8,128,128,640,3,3,320,1,f16,f32,56100.0,1402.5062,8.6129,1307.4,0.0066,True
302,unet,conv_2d_nchw_fchw_8x128x128x640x1x1x320_f16xf16xf32_stride1,8,128,128,640,1,1,320,1,f16,f32,4500.0,159.8049,11.9305,1307.4,0.0091,True
303,unet,conv_2d_nchw_fchw_8x128x128x320x3x3x16_f16xf16xf32_stride1,8,128,128,320,3,3,16,1,f16,f32,5560.0,127.1419,2.1726,1307.4,0.0017,True
