index,tag,name,B,H,W,C,P,Q,F,S,dtype,output_dtype,mean_microseconds,arithmetic_intensity,tflops,roofline_tflops,roofline_percent,ok
0,resnet,conv_2d_nhwc_hwcf_1x112x112x64x7x7x3_f16xf16xf32_stride2,1,112,112,64,7,7,3,2,f16,f32,110.0,34.0071,2.1457,1307.4,0.0016,True
1,resnet,conv_2d_nhwc_hwcf_1x56x56x64x3x3x64_f16xf16xf32_stride1,1,56,56,64,3,3,64,1,f16,f32,59.0,176.8837,3.9188,1307.4,0.003,True
2,resnet,conv_2d_nhwc_hwcf_1x28x28x128x3x3x128_f16xf16xf32_stride2,1,28,28,128,3,3,128,2,f16,f32,88.0,148.4497,2.6274,1307.4,0.002,True
3,resnet,conv_2d_nhwc_hwcf_1x28x28x512x1x1x256_f16xf16xf32_stride2,1,28,28,512,1,1,256,2,f16,f32,67.0,48.0613,3.0675,1307.4,0.0023,True
4,resnet,conv_2d_nhwc_hwcf_1x28x28x128x3x3x128_f16xf16xf32_stride1,1,28,28,128,3,3,128,1,f16,f32,87.0,249.4939,2.6576,1307.4,0.002,True
5,resnet,conv_2d_nhwc_hwcf_1x14x14x256x3x3x256_f16xf16xf32_stride2,1,14,14,256,3,3,256,2,f16,f32,135.0,125.5795,1.7127,1307.4,0.0013,True
6,resnet,conv_2d_nhwc_hwcf_1x14x14x1024x1x1x512_f16xf16xf32_stride2,1,14,14,1024,1,1,512,2,f16,f32,83.0,67.2601,2.4762,1307.4,0.0019,True
7,resnet,conv_2d_nhwc_hwcf_1x14x14x256x3x3x256_f16xf16xf32_stride1,1,14,14,256,3,3,256,1,f16,f32,128.0,152.9756,1.8063,1307.4,0.0014,True
8,resnet,conv_2d_nhwc_hwcf_1x7x7x512x3x3x512_f16xf16xf32_stride2,1,7,7,512,3,3,512,2,f16,f32,240.0,45.5042,0.9634,1307.4,0.0007,True
9,resnet,conv_2d_nhwc_hwcf_1x7x7x2048x1x1x1024_f16xf16xf32_stride2,1,7,7,2048,1,1,1024,2,f16,f32,133.0,39.5398,1.5453,1307.4,0.0012,True
10,resnet,conv_2d_nhwc_hwcf_1x7x7x512x3x3x512_f16xf16xf32_stride1,1,7,7,512,3,3,512,1,f16,f32,243.0,47.1677,0.9515,1307.4,0.0007,True
11,resnet,conv_2d_nhwc_hwcf_2x112x112x64x7x7x3_f16xf16xf32_stride2,2,112,112,64,7,7,3,2,f16,f32,124.0,34.0533,3.8069,1307.4,0.0029,True
12,resnet,conv_2d_nhwc_hwcf_2x56x56x64x3x3x64_f16xf16xf32_stride1,2,56,56,64,3,3,64,1,f16,f32,125.0,182.0169,3.6994,1307.4,0.0028,True
13,resnet,conv_2d_nhwc_hwcf_2x28x28x128x3x3x128_f16xf16xf32_stride2,2,28,28,128,3,3,128,2,f16,f32,296.0,163.9739,1.5622,1307.4,0.0012,True
14,resnet,conv_2d_nhwc_hwcf_2x28x28x512x1x1x256_f16xf16xf32_stride2,2,28,28,512,1,1,256,2,f16,f32,177.0,49.581,2.3223,1307.4,0.0018,True
15,resnet,conv_2d_nhwc_hwcf_2x28x28x128x3x3x128_f16xf16xf32_stride1,2,28,28,128,3,3,128,1,f16,f32,283.0,296.7043,1.634,1307.4,0.0012,True
16,resnet,conv_2d_nhwc_hwcf_2x14x14x256x3x3x256_f16xf16xf32_stride2,2,14,14,256,3,3,256,2,f16,f32,519.0,184.7725,0.891,1307.4,0.0007,True
17,resnet,conv_2d_nhwc_hwcf_2x14x14x1024x1x1x512_f16xf16xf32_stride2,2,14,14,1024,1,1,512,2,f16,f32,271.0,81.1909,1.5168,1307.4,0.0012,True
18,resnet,conv_2d_nhwc_hwcf_2x14x14x256x3x3x256_f16xf16xf32_stride1,2,14,14,256,3,3,256,1,f16,f32,517.0,250.88,0.8944,1307.4,0.0007,True
19,resnet,conv_2d_nhwc_hwcf_2x7x7x512x3x3x512_f16xf16xf32_stride2,2,7,7,512,3,3,512,2,f16,f32,994.0,84.9481,0.4652,1307.4,0.0004,True
20,resnet,conv_2d_nhwc_hwcf_2x7x7x2048x1x1x1024_f16xf16xf32_stride2,2,7,7,2048,1,1,1024,2,f16,f32,419.0,66.2827,0.981,1307.4,0.0008,True
21,resnet,conv_2d_nhwc_hwcf_2x7x7x512x3x3x512_f16xf16xf32_stride1,2,7,7,512,3,3,512,1,f16,f32,237.0,90.9352,1.9511,1307.4,0.0015,True
22,resnet,conv_2d_nhwc_hwcf_4x112x112x64x7x7x3_f16xf16xf32_stride2,4,112,112,64,7,7,3,2,f16,f32,145.0,34.0764,6.5111,1307.4,0.005,True
23,resnet,conv_2d_nhwc_hwcf_4x56x56x64x3x3x64_f16xf16xf32_stride1,4,56,56,64,3,3,64,1,f16,f32,67.0,184.6969,13.8036,1307.4,0.0106,True
24,resnet,conv_2d_nhwc_hwcf_4x28x28x128x3x3x128_f16xf16xf32_stride2,4,28,28,128,3,3,128,2,f16,f32,94.0,173.0207,9.8388,1307.4,0.0075,True
25,resnet,conv_2d_nhwc_hwcf_4x28x28x512x1x1x256_f16xf16xf32_stride2,4,28,28,512,1,1,256,2,f16,f32,69.0,50.3775,11.9143,1307.4,0.0091,True
26,resnet,conv_2d_nhwc_hwcf_4x28x28x128x3x3x128_f16xf16xf32_stride1,4,28,28,128,3,3,128,1,f16,f32,93.0,327.7097,9.9446,1307.4,0.0076,True
27,resnet,conv_2d_nhwc_hwcf_4x14x14x256x3x3x256_f16xf16xf32_stride2,4,14,14,256,3,3,256,2,f16,f32,130.0,241.7473,7.1142,1307.4,0.0054,True
28,resnet,conv_2d_nhwc_hwcf_4x14x14x1024x1x1x512_f16xf16xf32_stride2,4,14,14,1024,1,1,512,2,f16,f32,88.0,90.5704,9.3419,1307.4,0.0071,True
29,resnet,conv_2d_nhwc_hwcf_4x14x14x256x3x3x256_f16xf16xf32_stride1,4,14,14,256,3,3,256,1,f16,f32,131.0,368.9412,7.0599,1307.4,0.0054,True
30,resnet,conv_2d_nhwc_hwcf_4x7x7x512x3x3x512_f16xf16xf32_stride2,4,7,7,512,3,3,512,2,f16,f32,245.0,149.9283,3.7749,1307.4,0.0029,True
31,resnet,conv_2d_nhwc_hwcf_4x7x7x2048x1x1x1024_f16xf16xf32_stride2,4,7,7,2048,1,1,1024,2,f16,f32,141.0,100.1517,5.8304,1307.4,0.0045,True
32,resnet,conv_2d_nhwc_hwcf_4x7x7x512x3x3x512_f16xf16xf32_stride1,4,7,7,512,3,3,512,1,f16,f32,247.0,169.6409,3.7443,1307.4,0.0029,True
33,resnet,conv_2d_nhwc_hwcf_8x112x112x64x7x7x3_f16xf16xf32_stride2,8,112,112,64,7,7,3,2,f16,f32,225.0,34.088,8.3921,1307.4,0.0064,True
34,resnet,conv_2d_nhwc_hwcf_8x56x56x64x3x3x64_f16xf16xf32_stride1,8,56,56,64,3,3,64,1,f16,f32,71.0,186.0667,26.0519,1307.4,0.0199,True
35,resnet,conv_2d_nhwc_hwcf_8x28x28x128x3x3x128_f16xf16xf32_stride2,8,28,28,128,3,3,128,2,f16,f32,97.0,177.9291,19.0689,1307.4,0.0146,True
36,resnet,conv_2d_nhwc_hwcf_8x28x28x512x1x1x256_f16xf16xf32_stride2,8,28,28,512,1,1,256,2,f16,f32,70.0,50.7854,23.4881,1307.4,0.018,True
37,resnet,conv_2d_nhwc_hwcf_8x28x28x128x3x3x128_f16xf16xf32_stride1,8,28,28,128,3,3,128,1,f16,f32,94.0,345.7764,19.6775,1307.4,0.0151,True
38,resnet,conv_2d_nhwc_hwcf_8x14x14x256x3x3x256_f16xf16xf32_stride2,8,14,14,256,3,3,256,2,f16,f32,136.0,285.8127,13.6006,1307.4,0.0104,True
39,resnet,conv_2d_nhwc_hwcf_8x14x14x1024x1x1x512_f16xf16xf32_stride2,8,14,14,1024,1,1,512,2,f16,f32,87.0,96.1226,18.8985,1307.4,0.0145,True
40,resnet,conv_2d_nhwc_hwcf_8x14x14x256x3x3x256_f16xf16xf32_stride1,8,14,14,256,3,3,256,1,f16,f32,135.0,482.4615,13.7014,1307.4,0.0105,True
41,resnet,conv_2d_nhwc_hwcf_8x7x7x512x3x3x512_f16xf16xf32_stride2,8,7,7,512,3,3,512,2,f16,f32,238.0,242.7871,7.7718,1307.4,0.0059,True
42,resnet,conv_2d_nhwc_hwcf_8x7x7x2048x1x1x1024_f16xf16xf32_stride2,8,7,7,2048,1,1,1024,2,f16,f32,136.0,134.5201,12.0895,1307.4,0.0092,True
43,resnet,conv_2d_nhwc_hwcf_8x7x7x512x3x3x512_f16xf16xf32_stride1,8,7,7,512,3,3,512,1,f16,f32,246.0,299.0623,7.5191,1307.4,0.0058,True
44,resnet,conv_2d_nchw_fchw_1x112x112x64x7x7x3_f16xf16xf32_stride2,1,112,112,64,7,7,3,2,f16,f32,340.0,34.0071,0.6942,1307.4,0.0005,True
45,resnet,conv_2d_nchw_fchw_1x56x56x64x3x3x64_f16xf16xf32_stride1,1,56,56,64,3,3,64,1,f16,f32,105.0,176.8837,2.202,1307.4,0.0017,True
46,resnet,conv_2d_nchw_fchw_1x28x28x128x3x3x128_f16xf16xf32_stride2,1,28,28,128,3,3,128,2,f16,f32,164.0,148.4497,1.4098,1307.4,0.0011,True
47,resnet,conv_2d_nchw_fchw_1x28x28x512x1x1x256_f16xf16xf32_stride2,1,28,28,512,1,1,256,2,f16,f32,108.0,48.0613,1.903,1307.4,0.0015,True
48,resnet,conv_2d_nchw_fchw_1x28x28x128x3x3x128_f16xf16xf32_stride1,1,28,28,128,3,3,128,1,f16,f32,160.0,249.4939,1.4451,1307.4,0.0011,True
49,resnet,conv_2d_nchw_fchw_1x14x14x256x3x3x256_f16xf16xf32_stride2,1,14,14,256,3,3,256,2,f16,f32,255.0,125.5795,0.9067,1307.4,0.0007,True
50,resnet,conv_2d_nchw_fchw_1x14x14x1024x1x1x512_f16xf16xf32_stride2,1,14,14,1024,1,1,512,2,f16,f32,148.0,67.2601,1.3887,1307.4,0.0011,True
51,resnet,conv_2d_nchw_fchw_1x14x14x256x3x3x256_f16xf16xf32_stride1,1,14,14,256,3,3,256,1,f16,f32,260.0,152.9756,0.8893,1307.4,0.0007,True
52,resnet,conv_2d_nchw_fchw_1x7x7x512x3x3x512_f16xf16xf32_stride2,1,7,7,512,3,3,512,2,f16,f32,479.0,45.5042,0.4827,1307.4,0.0004,True
53,resnet,conv_2d_nchw_fchw_1x7x7x2048x1x1x1024_f16xf16xf32_stride2,1,7,7,2048,1,1,1024,2,f16,f32,240.0,39.5398,0.8563,1307.4,0.0007,True
54,resnet,conv_2d_nchw_fchw_1x7x7x512x3x3x512_f16xf16xf32_stride1,1,7,7,512,3,3,512,1,f16,f32,460.0,47.1677,0.5026,1307.4,0.0004,True
55,resnet,conv_2d_nchw_fchw_2x112x112x64x7x7x3_f16xf16xf32_stride2,2,112,112,64,7,7,3,2,f16,f32,995.0,34.0533,0.4744,1307.4,0.0004,True
56,resnet,conv_2d_nchw_fchw_2x56x56x64x3x3x64_f16xf16xf32_stride1,2,56,56,64,3,3,64,1,f16,f32,106.0,182.0169,4.3625,1307.4,0.0033,True
57,resnet,conv_2d_nchw_fchw_2x28x28x128x3x3x128_f16xf16xf32_stride2,2,28,28,128,3,3,128,2,f16,f32,170.0,163.9739,2.7201,1307.4,0.0021,True
58,resnet,conv_2d_nchw_fchw_2x28x28x512x1x1x256_f16xf16xf32_stride2,2,28,28,512,1,1,256,2,f16,f32,132.0,49.581,3.114,1307.4,0.0024,True
59,resnet,conv_2d_nchw_fchw_2x28x28x128x3x3x128_f16xf16xf32_stride1,2,28,28,128,3,3,128,1,f16,f32,153.0,296.7043,3.0224,1307.4,0.0023,True
60,resnet,conv_2d_nchw_fchw_2x14x14x256x3x3x256_f16xf16xf32_stride2,2,14,14,256,3,3,256,2,f16,f32,256.0,184.7725,1.8063,1307.4,0.0014,True
61,resnet,conv_2d_nchw_fchw_2x14x14x1024x1x1x512_f16xf16xf32_stride2,2,14,14,1024,1,1,512,2,f16,f32,150.0,81.1909,2.7403,1307.4,0.0021,True
62,resnet,conv_2d_nchw_fchw_2x14x14x256x3x3x256_f16xf16xf32_stride1,2,14,14,256,3,3,256,1,f16,f32,258.0,250.88,1.7923,1307.4,0.0014,True
63,resnet,conv_2d_nchw_fchw_2x7x7x512x3x3x512_f16xf16xf32_stride2,2,7,7,512,3,3,512,2,f16,f32,492.0,84.9481,0.9399,1307.4,0.0007,True
64,resnet,conv_2d_nchw_fchw_2x7x7x2048x1x1x1024_f16xf16xf32_stride2,2,7,7,2048,1,1,1024,2,f16,f32,249.0,66.2827,1.6508,1307.4,0.0013,True
65,resnet,conv_2d_nchw_fchw_2x7x7x512x3x3x512_f16xf16xf32_stride1,2,7,7,512,3,3,512,1,f16,f32,448.0,90.9352,1.0322,1307.4,0.0008,True
66,resnet,conv_2d_nchw_fchw_4x112x112x64x7x7x3_f16xf16xf32_stride2,4,112,112,64,7,7,3,2,f16,f32,2850.0,34.0764,0.3313,1307.4,0.0003,True
67,resnet,conv_2d_nchw_fchw_4x56x56x64x3x3x64_f16xf16xf32_stride1,4,56,56,64,3,3,64,1,f16,f32,117.0,184.6969,7.9046,1307.4,0.006,True
68,resnet,conv_2d_nchw_fchw_4x28x28x128x3x3x128_f16xf16xf32_stride2,4,28,28,128,3,3,128,2,f16,f32,194.0,173.0207,4.7672,1307.4,0.0036,True
69,resnet,conv_2d_nchw_fchw_4x28x28x512x1x1x256_f16xf16xf32_stride2,4,28,28,512,1,1,256,2,f16,f32,125.0,50.3775,6.5767,1307.4,0.005,True
70,resnet,conv_2d_nchw_fchw_4x28x28x128x3x3x128_f16xf16xf32_stride1,4,28,28,128,3,3,128,1,f16,f32,175.0,327.7097,5.2848,1307.4,0.004,True
71,resnet,conv_2d_nchw_fchw_4x14x14x256x3x3x256_f16xf16xf32_stride2,4,14,14,256,3,3,256,2,f16,f32,267.0,241.7473,3.4638,1307.4,0.0026,True
72,resnet,conv_2d_nchw_fchw_4x14x14x1024x1x1x512_f16xf16xf32_stride2,4,14,14,1024,1,1,512,2,f16,f32,167.0,90.5704,4.9227,1307.4,0.0038,True
73,resnet,conv_2d_nchw_fchw_4x14x14x256x3x3x256_f16xf16xf32_stride1,4,14,14,256,3,3,256,1,f16,f32,259.0,368.9412,3.5708,1307.4,0.0027,True
74,resnet,conv_2d_nchw_fchw_4x7x7x512x3x3x512_f16xf16xf32_stride2,4,7,7,512,3,3,512,2,f16,f32,487.0,149.9283,1.8991,1307.4,0.0015,True
75,resnet,conv_2d_nchw_fchw_4x7x7x2048x1x1x1024_f16xf16xf32_stride2,4,7,7,2048,1,1,1024,2,f16,f32,241.0,100.1517,3.4111,1307.4,0.0026,True
76,resnet,conv_2d_nchw_fchw_4x7x7x512x3x3x512_f16xf16xf32_stride1,4,7,7,512,3,3,512,1,f16,f32,457.0,169.6409,2.0237,1307.4,0.0015,True
77,resnet,conv_2d_nchw_fchw_8x112x112x64x7x7x3_f16xf16xf32_stride2,8,112,112,64,7,7,3,2,f16,f32,5900.0,34.088,0.32,1307.4,0.0002,True
78,resnet,conv_2d_nchw_fchw_8x56x56x64x3x3x64_f16xf16xf32_stride1,8,56,56,64,3,3,64,1,f16,f32,165.0,186.0667,11.2102,1307.4,0.0086,True
79,resnet,conv_2d_nchw_fchw_8x28x28x128x3x3x128_f16xf16xf32_stride2,8,28,28,128,3,3,128,2,f16,f32,226.0,177.9291,8.1845,1307.4,0.0063,True
80,resnet,conv_2d_nchw_fchw_8x28x28x512x1x1x256_f16xf16xf32_stride2,8,28,28,512,1,1,256,2,f16,f32,132.0,50.7854,12.4558,1307.4,0.0095,True
81,resnet,conv_2d_nchw_fchw_8x28x28x128x3x3x128_f16xf16xf32_stride1,8,28,28,128,3,3,128,1,f16,f32,171.0,345.7764,10.8169,1307.4,0.0083,True
82,resnet,conv_2d_nchw_fchw_8x14x14x256x3x3x256_f16xf16xf32_stride2,8,14,14,256,3,3,256,2,f16,f32,300.0,285.8127,6.1656,1307.4,0.0047,True
83,resnet,conv_2d_nchw_fchw_8x14x14x1024x1x1x512_f16xf16xf32_stride2,8,14,14,1024,1,1,512,2,f16,f32,174.0,96.1226,9.4492,1307.4,0.0072,True
84,resnet,conv_2d_nchw_fchw_8x14x14x256x3x3x256_f16xf16xf32_stride1,8,14,14,256,3,3,256,1,f16,f32,258.0,482.4615,7.1693,1307.4,0.0055,True
85,resnet,conv_2d_nchw_fchw_8x7x7x512x3x3x512_f16xf16xf32_stride2,8,7,7,512,3,3,512,2,f16,f32,502.0,242.7871,3.6846,1307.4,0.0028,True
86,resnet,conv_2d_nchw_fchw_8x7x7x2048x1x1x1024_f16xf16xf32_stride2,8,7,7,2048,1,1,1024,2,f16,f32,262.0,134.5201,6.2754,1307.4,0.0048,True
87,resnet,conv_2d_nchw_fchw_8x7x7x512x3x3x512_f16xf16xf32_stride1,8,7,7,512,3,3,512,1,f16,f32,455.0,299.0623,4.0652,1307.4,0.0031,True
88,unet,conv_2d_nhwc_hwcf_1x128x128x16x3x3x320_f16xf16xf32_stride1,1,128,128,16,3,3,320,1,f16,f32,70.0,69.8906,21.5707,1307.4,0.0165,True
89,unet,conv_2d_nhwc_hwcf_1x128x128x320x3x3x320_f16xf16xf32_stride1,1,128,128,320,3,3,320,1,f16,f32,290.0,897.9584,104.1344,1307.4,0.0797,True
90,unet,conv_2d_nhwc_hwcf_1x64x64x320x3x3x320_f16xf16xf32_stride2,1,64,64,320,3,3,320,2,f16,f32,238.0,421.7246,31.7216,1307.4,0.0243,True
91,unet,conv_2d_nhwc_hwcf_1x64x64x320x3x3x640_f16xf16xf32_stride1,1,64,64,320,3,3,640,1,f16,f32,248.0,890.3004,60.8851,1307.4,0.0466,True
92,unet,conv_2d_nhwc_hwcf_1x64x64x640x3x3x640_f16xf16xf32_stride1,1,64,64,640,3,3,640,1,f16,f32,687.0,1288.6694,43.9578,1307.4,0.0336,True
93,unet,conv_2d_nhwc_hwcf_1x64x64x320x1x1x640_f16xf16xf32_stride1,1,64,64,320,1,1,640,1,f16,f32,72.0,124.1212,23.3017,1307.4,0.0178,True
94,unet,conv_2d_nhwc_hwcf_1x32x32x640x3x3x640_f16xf16xf32_stride2,1,32,32,640,3,3,640,2,f16,f32,464.0,484.8931,16.271,1307.4,0.0124,True
95,unet,conv_2d_nhwc_hwcf_1x32x32x640x3x3x1280_f16xf16xf32_stride1,1,32,32,640,3,3,1280,1,f16,f32,457.0,703.3437,33.0405,1307.4,0.0253,True
96,unet,conv_2d_nhwc_hwcf_1x32x32x1280x3x3x1280_f16xf16xf32_stride1,1,32,32,1280,3,3,1280,1,f16,f32,1170.0,801.1736,25.8111,1307.4,0.0197,True
97,unet,conv_2d_nhwc_hwcf_1x32x32x640x1x1x1280_f16xf16xf32_stride1,1,32,32,640,1,1,1280,1,f16,f32,76.0,204.8,22.0753,1307.4,0.0169,True
98,unet,conv_2d_nhwc_hwcf_1x32x32x2560x3x3x1280_f16xf16xf32_stride1,1,32,32,2560,3,3,1280,1,f16,f32,1720.0,861.0569,35.1151,1307.4,0.0269,True
99,unet,conv_2d_nhwc_hwcf_1x32x32x2560x1x1x1280_f16xf16xf32_stride1,1,32,32,2560,1,1,1280,1,f16,f32,270.0,393.8462,24.8551,1307.4,0.019,True
100,unet,conv_2d_nhwc_hwcf_1x32x32x1920x3x3x1280_f16xf16xf32_stride1,1,32,32,1920,3,3,1280,1,f16,f32,1720.0,840.1253,26.3363,1307.4,0.0201,True
101,unet,conv_2d_nhwc_hwcf_1x32x32x1920x1x1x1280_f16xf16xf32_stride1,1,32,32,1920,1,1,1280,1,f16,f32,183.0,357.2093,27.5036,1307.4,0.021,True
102,unet,conv_2d_nhwc_hwcf_1x64x64x1280x3x3x1280_f16xf16xf32_stride1,1,64,64,1280,3,3,1280,1,f16,f32,1030.0,1960.5252,117.2776,1307.4,0.0897,True
103,unet,conv_2d_nhwc_hwcf_1x64x64x1920x3x3x640_f16xf16xf32_stride1,1,64,64,1920,3,3,640,1,f16,f32,1480.0,1836.5044,61.2142,1307.4,0.0468,True
104,unet,conv_2d_nhwc_hwcf_1x64x64x1920x1x1x640_f16xf16xf32_stride1,1,64,64,1920,1,1,640,1,f16,f32,175.0,351.0857,57.5219,1307.4,0.044,True
105,unet,conv_2d_nhwc_hwcf_1x64x64x1280x3x3x640_f16xf16xf32_stride1,1,64,64,1280,3,3,640,1,f16,f32,876.0,1660.0732,68.9475,1307.4,0.0527,True
106,unet,conv_2d_nhwc_hwcf_1x64x64x1280x1x1x640_f16xf16xf32_stride1,1,64,64,1280,1,1,640,1,f16,f32,137.0,296.8116,48.9846,1307.4,0.0375,True
107,unet,conv_2d_nhwc_hwcf_1x64x64x960x3x3x640_f16xf16xf32_stride1,1,64,64,960,3,3,640,1,f16,f32,686.0,1514.5699,66.0328,1307.4,0.0505,True
108,unet,conv_2d_nhwc_hwcf_1x64x64x960x1x1x640_f16xf16xf32_stride1,1,64,64,960,1,1,640,1,f16,f32,117.0,257.0711,43.0185,1307.4,0.0329,True
109,unet,conv_2d_nhwc_hwcf_1x128x128x640x3x3x640_f16xf16xf32_stride1,1,128,128,640,3,3,640,1,f16,f32,962.0,1702.6023,125.5675,1307.4,0.096,True
110,unet,conv_2d_nhwc_hwcf_1x128x128x960x3x3x320_f16xf16xf32_stride1,1,128,128,960,3,3,320,1,f16,f32,801.0,1536.8672,113.1048,1307.4,0.0865,True
111,unet,conv_2d_nhwc_hwcf_1x128x128x960x1x1x320_f16xf16xf32_stride1,1,128,128,960,1,1,320,1,f16,f32,114.0,189.7761,88.3011,1307.4,0.0675,True
112,unet,conv_2d_nhwc_hwcf_1x128x128x640x3x3x320_f16xf16xf32_stride1,1,128,128,640,3,3,320,1,f16,f32,556.0,1304.776,108.6295,1307.4,0.0831,True
113,unet,conv_2d_nhwc_hwcf_1x128x128x640x1x1x320_f16xf16xf32_stride1,1,128,128,640,1,1,320,1,f16,f32,99.0,158.4526,67.7867,1307.4,0.0518,True
114,unet,conv_2d_nhwc_hwcf_1x128x128x320x3x3x16_f16xf16xf32_stride1,1,128,128,320,3,3,16,1,f16,f32,143.0,126.2844,10.5591,1307.4,0.0081,True
115,unet,conv_2d_nhwc_hwcf_2x128x128x16x3x3x320_f16xf16xf32_stride1,2,128,128,16,3,3,320,1,f16,f32,246.0,70.04,12.276,1307.4,0.0094,True
116,unet,conv_2d_nhwc_hwcf_2x128x128x320x3x3x320_f16xf16xf32_stride1,2,128,128,320,3,3,320,1,f16,f32,699.0,923.259,86.4063,1307.4,0.0661,True
117,unet,conv_2d_nhwc_hwcf_2x64x64x320x3x3x320_f16xf16xf32_stride2,2,64,64,320,3,3,320,2,f16,f32,238.0,444.6133,63.4433,1307.4,0.0485,True
118,unet,conv_2d_nhwc_hwcf_2x64x64x320x3x3x640_f16xf16xf32_stride1,2,64,64,320,3,3,640,1,f16,f32,326.0,998.8552,92.6349,1307.4,0.0709,True
119,unet,conv_2d_nhwc_hwcf_2x64x64x640x3x3x640_f16xf16xf32_stride1,2,64,64,640,3,3,640,1,f16,f32,574.0,1529.23,105.223,1307.4,0.0805,True
120,unet,conv_2d_nhwc_hwcf_2x64x64x320x1x1x640_f16xf16xf32_stride1,2,64,64,320,1,1,640,1,f16,f32,77.0,126.0308,43.5772,1307.4,0.0333,True
121,unet,conv_2d_nhwc_hwcf_2x32x32x640x3x3x640_f16xf16xf32_stride2,2,32,32,640,3,3,640,2,f16,f32,458.0,635.3124,32.9683,1307.4,0.0252,True
122,unet,conv_2d_nhwc_hwcf_2x32x32x640x3x3x1280_f16xf16xf32_stride1,2,32,32,640,3,3,1280,1,f16,f32,444.0,1071.2386,68.0157,1307.4,0.052,True
123,unet,conv_2d_nhwc_hwcf_2x32x32x1280x3x3x1280_f16xf16xf32_stride1,2,32,32,1280,3,3,1280,1,f16,f32,847.0,1315.9839,71.3081,1307.4,0.0545,True
124,unet,conv_2d_nhwc_hwcf_2x32x32x640x1x1x1280_f16xf16xf32_stride1,2,32,32,640,1,1,1280,1,f16,f32,93.0,227.5556,36.08,1307.4,0.0276,True
125,unet,conv_2d_nhwc_hwcf_2x32x32x2560x3x3x1280_f16xf16xf32_stride1,2,32,32,2560,3,3,1280,1,f16,f32,1630.0,1485.7028,74.1079,1307.4,0.0567,True
126,unet,conv_2d_nhwc_hwcf_2x32x32x2560x1x1x1280_f16xf16xf32_stride1,2,32,32,2560,1,1,1280,1,f16,f32,220.0,487.619,61.0081,1307.4,0.0467,True
127,unet,conv_2d_nhwc_hwcf_2x32x32x1920x3x3x1280_f16xf16xf32_stride1,2,32,32,1920,3,3,1280,1,f16,f32,1190.0,1424.4663,76.1319,1307.4,0.0582,True
128,unet,conv_2d_nhwc_hwcf_2x32x32x1920x1x1x1280_f16xf16xf32_stride1,2,32,32,1920,1,1,1280,1,f16,f32,182.0,432.6761,55.3095,1307.4,0.0423,True
129,unet,conv_2d_nhwc_hwcf_2x64x64x1280x3x3x1280_f16xf16xf32_stride1,2,64,64,1280,3,3,1280,1,f16,f32,1890.0,2577.3389,127.8264,1307.4,0.0978,True
130,unet,conv_2d_nhwc_hwcf_2x64x64x1920x3x3x640_f16xf16xf32_stride1,2,64,64,1920,3,3,640,1,f16,f32,1570.0,2367.1866,115.4101,1307.4,0.0883,True
131,unet,conv_2d_nhwc_hwcf_2x64x64x1920x1x1x640_f16xf16xf32_stride1,2,64,64,1920,1,1,640,1,f16,f32,208.0,366.806,96.7916,1307.4,0.074,True
132,unet,conv_2d_nhwc_hwcf_2x64x64x1280x3x3x640_f16xf16xf32_stride1,2,64,64,1280,3,3,640,1,f16,f32,1070.0,2081.9767,112.8934,1307.4,0.0863,True
133,unet,conv_2d_nhwc_hwcf_2x64x64x1280x1x1x640_f16xf16xf32_stride1,2,64,64,1280,1,1,640,1,f16,f32,149.0,307.9699,90.079,1307.4,0.0689,True
134,unet,conv_2d_nhwc_hwcf_2x64x64x960x3x3x640_f16xf16xf32_stride1,2,64,64,960,3,3,640,1,f16,f32,847.0,1858.1035,106.9622,1307.4,0.0818,True
135,unet,conv_2d_nhwc_hwcf_2x64x64x960x1x1x640_f16xf16xf32_stride1,2,64,64,960,1,1,640,1,f16,f32,137.0,265.3996,73.4769,1307.4,0.0562,True
136,unet,conv_2d_nhwc_hwcf_2x128x128x640x3x3x640_f16xf16xf32_stride1,2,128,128,640,3,3,640,1,f16,f32,1540.0,1795.9169,156.8779,1307.4,0.12,True
137,unet,conv_2d_nhwc_hwcf_2x128x128x960x3x3x320_f16xf16xf32_stride1,2,128,128,960,3,3,320,1,f16,f32,1490.0,1612.4956,121.6067,1307.4,0.093,True
138,unet,conv_2d_nhwc_hwcf_2x128x128x960x1x1x320_f16xf16xf32_stride1,2,128,128,960,1,1,320,1,f16,f32,197.0,190.8816,102.1962,1307.4,0.0782,True
139,unet,conv_2d_nhwc_hwcf_2x128x128x640x3x3x320_f16xf16xf32_stride1,2,128,128,640,3,3,320,1,f16,f32,1150.0,1358.8849,105.04,1307.4,0.0803,True
140,unet,conv_2d_nhwc_hwcf_2x128x128x640x1x1x320_f16xf16xf32_stride1,2,128,128,640,1,1,320,1,f16,f32,178.0,159.2225,75.4032,1307.4,0.0577,True
141,unet,conv_2d_nhwc_hwcf_2x128x128x320x3x3x16_f16xf16xf32_stride1,2,128,128,320,3,3,16,1,f16,f32,154.0,126.773,19.6097,1307.4,0.015,True
142,unet,conv_2d_nhwc_hwcf_4x128x128x16x3x3x320_f16xf16xf32_stride1,4,128,128,16,3,3,320,1,f16,f32,128.0,70.1149,47.1859,1307.4,0.0361,True
143,unet,conv_2d_nhwc_hwcf_4x128x128x320x3x3x320_f16xf16xf32_stride1,4,128,128,320,3,3,320,1,f16,f32,843.0,936.4515,143.2929,1307.4,0.1096,True
144,unet,conv_2d_nhwc_hwcf_4x64x64x320x3x3x320_f16xf16xf32_stride2,4,64,64,320,3,3,320,2,f16,f32,295.0,457.0153,102.3695,1307.4,0.0783,True
145,unet,conv_2d_nhwc_hwcf_4x64x64x320x3x3x640_f16xf16xf32_stride1,4,64,64,320,3,3,640,1,f16,f32,515.0,1063.7042,117.2776,1307.4,0.0897,True
146,unet,conv_2d_nhwc_hwcf_4x64x64x640x3x3x640_f16xf16xf32_stride1,4,64,64,640,3,3,640,1,f16,f32,981.0,1686.6571,123.1355,1307.4,0.0942,True
147,unet,conv_2d_nhwc_hwcf_4x64x64x320x1x1x640_f16xf16xf32_stride1,4,64,64,320,1,1,640,1,f16,f32,104.0,127.0078,64.5278,1307.4,0.0494,True
148,unet,conv_2d_nhwc_hwcf_4x32x32x640x3x3x640_f16xf16xf32_stride2,4,32,32,640,3,3,640,2,f16,f32,465.0,751.9429,64.9441,1307.4,0.0497,True
149,unet,conv_2d_nhwc_hwcf_4x32x32x640x3x3x1280_f16xf16xf32_stride1,4,32,32,640,3,3,1280,1,f16,f32,558.0,1450.6247,108.2401,1307.4,0.0828,True
150,unet,conv_2d_nhwc_hwcf_4x32x32x1280x3x3x1280_f16xf16xf32_stride1,4,32,32,1280,3,3,1280,1,f16,f32,1050.0,1938.9349,115.0438,1307.4,0.088,True
151,unet,conv_2d_nhwc_hwcf_4x32x32x640x1x1x1280_f16xf16xf32_stride1,4,32,32,640,1,1,1280,1,f16,f32,107.0,240.9412,62.7186,1307.4,0.048,True
152,unet,conv_2d_nhwc_hwcf_4x32x32x2560x3x3x1280_f16xf16xf32_stride1,4,32,32,2560,3,3,1280,1,f16,f32,2140.0,2331.3202,112.8934,1307.4,0.0863,True
153,unet,conv_2d_nhwc_hwcf_4x32x32x2560x1x1x1280_f16xf16xf32_stride1,4,32,32,2560,1,1,1280,1,f16,f32,252.0,553.5135,106.522,1307.4,0.0815,True
154,unet,conv_2d_nhwc_hwcf_4x32x32x1920x3x3x1280_f16xf16xf32_stride1,4,32,32,1920,3,3,1280,1,f16,f32,1520.0,2183.9941,119.2065,1307.4,0.0912,True
155,unet,conv_2d_nhwc_hwcf_4x32x32x1920x1x1x1280_f16xf16xf32_stride1,4,32,32,1920,1,1,1280,1,f16,f32,213.0,483.7795,94.5195,1307.4,0.0723,True
156,unet,conv_2d_nhwc_hwcf_4x64x64x1280x3x3x1280_f16xf16xf32_stride1,4,64,64,1280,3,3,1280,1,f16,f32,3020.0,3058.4599,159.9946,1307.4,0.1224,True
157,unet,conv_2d_nhwc_hwcf_4x64x64x1920x3x3x640_f16xf16xf32_stride1,4,64,64,1920,3,3,640,1,f16,f32,3080.0,2766.9617,117.6584,1307.4,0.09,True
158,unet,conv_2d_nhwc_hwcf_4x64x64x1920x1x1x640_f16xf16xf32_stride1,4,64,64,1920,1,1,640,1,f16,f32,364.0,375.2061,110.619,1307.4,0.0846,True
159,unet,conv_2d_nhwc_hwcf_4x64x64x1280x3x3x640_f16xf16xf32_stride1,4,64,64,1280,3,3,640,1,f16,f32,1920.0,2385.0546,125.8291,1307.4,0.0962,True
160,unet,conv_2d_nhwc_hwcf_4x64x64x1280x1x1x640_f16xf16xf32_stride1,4,64,64,1280,1,1,640,1,f16,f32,257.0,313.8697,104.4496,1307.4,0.0799,True
161,unet,conv_2d_nhwc_hwcf_4x64x64x960x3x3x640_f16xf16xf32_stride1,4,64,64,960,3,3,640,1,f16,f32,1480.0,2095.7859,122.4283,1307.4,0.0936,True
162,unet,conv_2d_nhwc_hwcf_4x64x64x960x1x1x640_f16xf16xf32_stride1,4,64,64,960,1,1,640,1,f16,f32,209.0,269.7695,96.3285,1307.4,0.0737,True
163,unet,conv_2d_nhwc_hwcf_4x128x128x640x3x3x640_f16xf16xf32_stride1,4,128,128,640,3,3,640,1,f16,f32,2870.0,1846.518,168.3567,1307.4,0.1288,True
164,unet,conv_2d_nhwc_hwcf_4x128x128x960x3x3x320_f16xf16xf32_stride1,4,128,128,960,3,3,320,1,f16,f32,2670.0,1653.1714,135.7258,1307.4,0.1038,True
165,unet,conv_2d_nhwc_hwcf_4x128x128x960x1x1x320_f16xf16xf32_stride1,4,128,128,960,1,1,320,1,f16,f32,295.0,191.4391,136.4926,1307.4,0.1044,True
166,unet,conv_2d_nhwc_hwcf_4x128x128x640x3x3x320_f16xf16xf32_stride1,4,128,128,640,3,3,320,1,f16,f32,1680.0,1387.6579,143.8047,1307.4,0.11,True
167,unet,conv_2d_nhwc_hwcf_4x128x128x640x1x1x320_f16xf16xf32_stride1,4,128,128,640,1,1,320,1,f16,f32,215.0,159.6103,124.8537,1307.4,0.0955,True
168,unet,conv_2d_nhwc_hwcf_4x128x128x320x3x3x16_f16xf16xf32_stride1,4,128,128,320,3,3,16,1,f16,f32,234.0,127.0187,25.8111,1307.4,0.0197,True
169,unet,conv_2d_nhwc_hwcf_8x128x128x16x3x3x320_f16xf16xf32_stride1,8,128,128,16,3,3,320,1,f16,f32,191.0,70.1524,63.244,1307.4,0.0484,True
170,unet,conv_2d_nhwc_hwcf_8x128x128x320x3x3x320_f16xf16xf32_stride1,8,128,128,320,3,3,320,1,f16,f32,1590.0,943.1902,151.9446,1307.4,0.1162,True
171,unet,conv_2d_nhwc_hwcf_8x64x64x320x3x3x320_f16xf16xf32_stride2,8,64,64,320,3,3,320,2,f16,f32,511.0,463.4795,118.1957,1307.4,0.0904,True
172,unet,conv_2d_nhwc_hwcf_8x64x64x320x3x3x640_f16xf16xf32_stride1,8,64,64,320,3,3,640,1,f16,f32,797.0,1099.3924,151.5633,1307.4,0.1159,True
173,unet,conv_2d_nhwc_hwcf_8x64x64x640x3x3x640_f16xf16xf32_stride1,8,64,64,640,3,3,640,1,f16,f32,1560.0,1778.1851,154.8666,1307.4,0.1185,True
174,unet,conv_2d_nhwc_hwcf_8x64x64x320x1x1x640_f16xf16xf32_stride1,8,64,64,320,1,1,640,1,f16,f32,138.0,127.5019,97.2592,1307.4,0.0744,True
175,unet,conv_2d_nhwc_hwcf_8x32x32x640x3x3x640_f16xf16xf32_stride2,8,32,32,640,3,3,640,2,f16,f32,575.0,827.9394,105.04,1307.4,0.0803,True
176,unet,conv_2d_nhwc_hwcf_8x32x32x640x3x3x1280_f16xf16xf32_stride1,8,32,32,640,3,3,1280,1,f16,f32,964.0,1762.7735,125.307,1307.4,0.0958,True
177,unet,conv_2d_nhwc_hwcf_8x32x32x1280x3x3x1280_f16xf16xf32_stride1,8,32,32,1280,3,3,1280,1,f16,f32,1910.0,2540.155,126.4879,1307.4,0.0967,True
178,unet,conv_2d_nhwc_hwcf_8x32x32x640x1x1x1280_f16xf16xf32_stride1,8,32,32,640,1,1,1280,1,f16,f32,149.0,248.2424,90.079,1307.4,0.0689,True
179,unet,conv_2d_nhwc_hwcf_8x32x32x2560x3x3x1280_f16xf16xf32_stride1,8,32,32,2560,3,3,1280,1,f16,f32,3880.0,3258.6961,124.5319,1307.4,0.0953,True
180,unet,conv_2d_nhwc_hwcf_8x32x32x2560x1x1x1280_f16xf16xf32_stride1,8,32,32,2560,1,1,1280,1,f16,f32,442.0,593.6232,121.464,1307.4,0.0929,True
181,unet,conv_2d_nhwc_hwcf_8x32x32x1920x3x3x1280_f16xf16xf32_stride1,8,32,32,1920,3,3,1280,1,f16,f32,2850.0,2977.9064,127.1536,1307.4,0.0973,True
182,unet,conv_2d_nhwc_hwcf_8x32x32x1920x1x1x1280_f16xf16xf32_stride1,8,32,32,1920,1,1,1280,1,f16,f32,346.0,514.1423,116.3738,1307.4,0.089,True
183,unet,conv_2d_nhwc_hwcf_8x64x64x1280x3x3x1280_f16xf16xf32_stride1,8,64,64,1280,3,3,1280,1,f16,f32,5570.0,3373.3143,173.4951,1307.4,0.1327,True
184,unet,conv_2d_nhwc_hwcf_8x64x64x1920x3x3x640_f16xf16xf32_stride1,8,64,64,1920,3,3,640,1,f16,f32,5200.0,3022.1554,139.3799,1307.4,0.1066,True
185,unet,conv_2d_nhwc_hwcf_8x64x64x1920x1x1x640_f16xf16xf32_stride1,8,64,64,1920,1,1,640,1,f16,f32,531.0,379.5521,151.6584,1307.4,0.116,True
186,unet,conv_2d_nhwc_hwcf_8x64x64x1280x3x3x640_f16xf16xf32_stride1,8,64,64,1280,3,3,640,1,f16,f32,3090.0,2572.2809,156.3702,1307.4,0.1196,True
187,unet,conv_2d_nhwc_hwcf_8x64x64x1280x1x1x640_f16xf16xf32_stride1,8,64,64,1280,1,1,640,1,f16,f32,373.0,316.9052,143.9332,1307.4,0.1101,True
188,unet,conv_2d_nhwc_hwcf_8x64x64x960x3x3x640_f16xf16xf32_stride1,8,64,64,960,3,3,640,1,f16,f32,2440.0,2238.9877,148.5196,1307.4,0.1136,True
189,unet,conv_2d_nhwc_hwcf_8x64x64x960x1x1x640_f16xf16xf32_stride1,8,64,64,960,1,1,640,1,f16,f32,299.0,272.0089,134.6666,1307.4,0.103,True
190,unet,conv_2d_nhwc_hwcf_8x128x128x640x3x3x640_f16xf16xf32_stride1,8,128,128,640,3,3,640,1,f16,f32,5620.0,1872.9031,171.9515,1307.4,0.1315,True
191,unet,conv_2d_nhwc_hwcf_8x128x128x960x3x3x320_f16xf16xf32_stride1,8,128,128,960,3,3,320,1,f16,f32,5120.0,1674.2887,141.5578,1307.4,0.1083,True
192,unet,conv_2d_nhwc_hwcf_8x128x128x960x1x1x320_f16xf16xf32_stride1,8,128,128,960,1,1,320,1,f16,f32,565.0,191.7192,142.5321,1307.4,0.109,True
193,unet,conv_2d_nhwc_hwcf_8x128x128x640x3x3x320_f16xf16xf32_stride1,8,128,128,640,3,3,320,1,f16,f32,3270.0,1402.5062,147.7626,1307.4,0.113,True
194,unet,conv_2d_nhwc_hwcf_8x128x128x640x1x1x320_f16xf16xf32_stride1,8,128,128,640,1,1,320,1,f16,f32,382.0,159.8049,140.5421,1307.4,0.1075,True
195,unet,conv_2d_nhwc_hwcf_8x128x128x320x3x3x16_f16xf16xf32_stride1,8,128,128,320,3,3,16,1,f16,f32,370.0,127.1419,32.6476,1307.4,0.025,True
196,unet,conv_2d_nchw_fchw_1x128x128x16x3x3x320_f16xf16xf32_stride1,1,128,128,16,3,3,320,1,f16,f32,145.0,69.8906,10.4134,1307.4,0.008,True
197,unet,conv_2d_nchw_fchw_1x128x128x320x3x3x320_f16xf16xf32_stride1,1,128,128,320,3,3,320,1,f16,f32,1630.0,897.9584,18.527,1307.4,0.0142,True
198,unet,conv_2d_nchw_fchw_1x64x64x320x3x3x320_f16xf16xf32_stride2,1,64,64,320,3,3,320,2,f16,f32,556.0,421.7246,13.5787,1307.4,0.0104,True
199,unet,conv_2d_nchw_fchw_1x64x64x320x3x3x640_f16xf16xf32_stride1,1,64,64,320,3,3,640,1,f16,f32,840.0,890.3004,17.9756,1307.4,0.0137,True
200,unet,conv_2d_nchw_fchw_1x64x64x640x3x3x640_f16xf16xf32_stride1,1,64,64,640,3,3,640,1,f16,f32,1740.0,1288.6694,17.3557,1307.4,0.0133,True
201,unet,conv_2d_nchw_fchw_1x64x64x320x1x1x640_f16xf16xf32_stride1,1,64,64,320,1,1,640,1,f16,f32,150.0,124.1212,11.1848,1307.4,0.0086,True
202,unet,conv_2d_nchw_fchw_1x32x32x640x3x3x640_f16xf16xf32_stride2,1,32,32,640,3,3,640,2,f16,f32,867.0,484.8931,8.7079,1307.4,0.0067,True
203,unet,conv_2d_nchw_fchw_1x32x32x640x3x3x1280_f16xf16xf32_stride1,1,32,32,640,3,3,1280,1,f16,f32,757.0,703.3437,19.9465,1307.4,0.0153,True
204,unet,conv_2d_nchw_fchw_1x32x32x1280x3x3x1280_f16xf16xf32_stride1,1,32,32,1280,3,3,1280,1,f16,f32,1520.0,801.1736,19.8678,1307.4,0.0152,True
205,unet,conv_2d_nchw_fchw_1x32x32x640x1x1x1280_f16xf16xf32_stride1,1,32,32,640,1,1,1280,1,f16,f32,134.0,204.8,12.5203,1307.4,0.0096,True
206,unet,conv_2d_nchw_fchw_1x32x32x2560x3x3x1280_f16xf16xf32_stride1,1,32,32,2560,3,3,1280,1,f16,f32,3050.0,861.0569,19.8026,1307.4,0.0151,True
207,unet,conv_2d_nchw_fchw_1x32x32x2560x1x1x1280_f16xf16xf32_stride1,1,32,32,2560,1,1,1280,1,f16,f32,363.0,393.8462,18.4873,1307.4,0.0141,True
208,unet,conv_2d_nchw_fchw_1x32x32x1920x3x3x1280_f16xf16xf32_stride1,1,32,32,1920,3,3,1280,1,f16,f32,2200.0,840.1253,20.5902,1307.4,0.0157,True
209,unet,conv_2d_nchw_fchw_1x32x32x1920x1x1x1280_f16xf16xf32_stride1,1,32,32,1920,1,1,1280,1,f16,f32,291.0,357.2093,17.2961,1307.4,0.0132,True
210,unet,conv_2d_nchw_fchw_1x64x64x1280x3x3x1280_f16xf16xf32_stride1,1,64,64,1280,3,3,1280,1,f16,f32,11500.0,1960.5252,10.504,1307.4,0.008,True
211,unet,conv_2d_nchw_fchw_1x64x64x1920x3x3x640_f16xf16xf32_stride1,1,64,64,1920,3,3,640,1,f16,f32,5780.0,1836.5044,15.6742,1307.4,0.012,True
212,unet,conv_2d_nchw_fchw_1x64x64x1920x1x1x640_f16xf16xf32_stride1,1,64,64,1920,1,1,640,1,f16,f32,515.0,351.0857,19.5463,1307.4,0.015,True
213,unet,conv_2d_nchw_fchw_1x64x64x1280x3x3x640_f16xf16xf32_stride1,1,64,64,1280,3,3,640,1,f16,f32,4100.0,1660.0732,14.7312,1307.4,0.0113,True
214,unet,conv_2d_nchw_fchw_1x64x64x1280x1x1x640_f16xf16xf32_stride1,1,64,64,1280,1,1,640,1,f16,f32,369.0,296.8116,18.1867,1307.4,0.0139,True
215,unet,conv_2d_nchw_fchw_1x64x64x960x3x3x640_f16xf16xf32_stride1,1,64,64,960,3,3,640,1,f16,f32,2530.0,1514.5699,17.9045,1307.4,0.0137,True
216,unet,conv_2d_nchw_fchw_1x64x64x960x1x1x640_f16xf16xf32_stride1,1,64,64,960,1,1,640,1,f16,f32,296.0,257.0711,17.0039,1307.4,0.013,True
217,unet,conv_2d_nchw_fchw_1x128x128x640x3x3x640_f16xf16xf32_stride1,1,128,128,640,3,3,640,1,f16,f32,10600.0,1702.6023,11.3958,1307.4,0.0087,True
218,unet,conv_2d_nchw_fchw_1x128x128x960x3x3x320_f16xf16xf32_stride1,1,128,128,960,3,3,320,1,f16,f32,8430.0,1536.8672,10.747,1307.4,0.0082,True
219,unet,conv_2d_nchw_fchw_1x128x128x960x1x1x320_f16xf16xf32_stride1,1,128,128,960,1,1,320,1,f16,f32,501.0,189.7761,20.0925,1307.4,0.0154,True
220,unet,conv_2d_nchw_fchw_1x128x128x640x3x3x320_f16xf16xf32_stride1,1,128,128,640,3,3,320,1,f16,f32,5270.0,1304.776,11.4607,1307.4,0.0088,True
221,unet,conv_2d_nchw_fchw_1x128x128x640x1x1x320_f16xf16xf32_stride1,1,128,128,640,1,1,320,1,f16,f32,353.0,158.4526,19.011,1307.4,0.0145,True
222,unet,conv_2d_nchw_fchw_1x128x128x320x3x3x16_f16xf16xf32_stride1,1,128,128,320,3,3,16,1,f16,f32,371.0,126.2844,4.0699,1307.4,0.0031,True
223,unet,conv_2d_nchw_fchw_2x128x128x16x3x3x320_f16xf16xf32_stride1,2,128,128,16,3,3,320,1,f16,f32,241.0,70.04,12.5307,1307.4,0.0096,True
224,unet,conv_2d_nchw_fchw_2x128x128x320x3x3x320_f16xf16xf32_stride1,2,128,128,320,3,3,320,1,f16,f32,4810.0,923.259,12.5568,1307.4,0.0096,True
225,unet,conv_2d_nchw_fchw_2x64x64x320x3x3x320_f16xf16xf32_stride2,2,64,64,320,3,3,320,2,f16,f32,1010.0,444.6133,14.95,1307.4,0.0114,True
226,unet,conv_2d_nchw_fchw_2x64x64x320x3x3x640_f16xf16xf32_stride1,2,64,64,320,3,3,640,1,f16,f32,1510.0,998.8552,19.9993,1307.4,0.0153,True
227,unet,conv_2d_nchw_fchw_2x64x64x640x3x3x640_f16xf16xf32_stride1,2,64,64,640,3,3,640,1,f16,f32,3230.0,1529.23,18.6991,1307.4,0.0143,True
228,unet,conv_2d_nchw_fchw_2x64x64x320x1x1x640_f16xf16xf32_stride1,2,64,64,320,1,1,640,1,f16,f32,221.0,126.0308,15.183,1307.4,0.0116,True
229,unet,conv_2d_nchw_fchw_2x32x32x640x3x3x640_f16xf16xf32_stride2,2,32,32,640,3,3,640,2,f16,f32,874.0,635.3124,17.2763,1307.4,0.0132,True
230,unet,conv_2d_nchw_fchw_2x32x32x640x3x3x1280_f16xf16xf32_stride1,2,32,32,640,3,3,1280,1,f16,f32,1130.0,1071.2386,26.7248,1307.4,0.0204,True
231,unet,conv_2d_nchw_fchw_2x32x32x1280x3x3x1280_f16xf16xf32_stride1,2,32,32,1280,3,3,1280,1,f16,f32,3020.0,1315.9839,19.9993,1307.4,0.0153,True
232,unet,conv_2d_nchw_fchw_2x32x32x640x1x1x1280_f16xf16xf32_stride1,2,32,32,640,1,1,1280,1,f16,f32,169.0,227.5556,19.8547,1307.4,0.0152,True
233,unet,conv_2d_nchw_fchw_2x32x32x2560x3x3x1280_f16xf16xf32_stride1,2,32,32,2560,3,3,1280,1,f16,f32,5950.0,1485.7028,20.3018,1307.4,0.0155,True
234,unet,conv_2d_nchw_fchw_2x32x32x2560x1x1x1280_f16xf16xf32_stride1,2,32,32,2560,1,1,1280,1,f16,f32,508.0,487.619,26.4208,1307.4,0.0202,True
235,unet,conv_2d_nchw_fchw_2x32x32x1920x3x3x1280_f16xf16xf32_stride1,2,32,32,1920,3,3,1280,1,f16,f32,4120.0,1424.4663,21.9896,1307.4,0.0168,True
236,unet,conv_2d_nchw_fchw_2x32x32x1920x1x1x1280_f16xf16xf32_stride1,2,32,32,1920,1,1,1280,1,f16,f32,377.0,432.6761,26.7011,1307.4,0.0204,True
237,unet,conv_2d_nchw_fchw_2x64x64x1280x3x3x1280_f16xf16xf32_stride1,2,64,64,1280,3,3,1280,1,f16,f32,24700.0,2577.3389,9.781,1307.4,0.0075,True
238,unet,conv_2d_nchw_fchw_2x64x64x1920x3x3x640_f16xf16xf32_stride1,2,64,64,1920,3,3,640,1,f16,f32,20900.0,2367.1866,8.6696,1307.4,0.0066,True
239,unet,conv_2d_nchw_fchw_2x64x64x1920x1x1x640_f16xf16xf32_stride1,2,64,64,1920,1,1,640,1,f16,f32,772.0,366.806,26.0786,1307.4,0.0199,True
240,unet,conv_2d_nchw_fchw_2x64x64x1280x3x3x640_f16xf16xf32_stride1,2,64,64,1280,3,3,640,1,f16,f32,12500.0,2081.9767,9.6637,1307.4,0.0074,True
241,unet,conv_2d_nchw_fchw_2x64x64x1280x1x1x640_f16xf16xf32_stride1,2,64,64,1280,1,1,640,1,f16,f32,590.0,307.9699,22.7488,1307.4,0.0174,True
242,unet,conv_2d_nchw_fchw_2x64x64x960x3x3x640_f16xf16xf32_stride1,2,64,64,960,3,3,640,1,f16,f32,4570.0,1858.1035,19.8243,1307.4,0.0152,True
243,unet,conv_2d_nchw_fchw_2x64x64x960x1x1x640_f16xf16xf32_stride1,2,64,64,960,1,1,640,1,f16,f32,435.0,265.3996,23.141,1307.4,0.0177,True
244,unet,conv_2d_nchw_fchw_2x128x128x640x3x3x640_f16xf16xf32_stride1,2,128,128,640,3,3,640,1,f16,f32,24100.0,1795.9169,10.0246,1307.4,0.0077,True
245,unet,conv_2d_nchw_fchw_2x128x128x960x3x3x320_f16xf16xf32_stride1,2,128,128,960,3,3,320,1,f16,f32,21000.0,1612.4956,8.6283,1307.4,0.0066,True
246,unet,conv_2d_nchw_fchw_2x128x128x960x1x1x320_f16xf16xf32_stride1,2,128,128,960,1,1,320,1,f16,f32,1430.0,190.8816,14.0788,1307.4,0.0108,True
247,unet,conv_2d_nchw_fchw_2x128x128x640x3x3x320_f16xf16xf32_stride1,2,128,128,640,3,3,320,1,f16,f32,12400.0,1358.8849,9.7416,1307.4,0.0075,True
248,unet,conv_2d_nchw_fchw_2x128x128x640x1x1x320_f16xf16xf32_stride1,2,128,128,640,1,1,320,1,f16,f32,905.0,159.2225,14.8307,1307.4,0.0113,True
249,unet,conv_2d_nchw_fchw_2x128x128x320x3x3x16_f16xf16xf32_stride1,2,128,128,320,3,3,16,1,f16,f32,549.0,126.773,5.5007,1307.4,0.0042,True
250,unet,conv_2d_nchw_fchw_4x128x128x16x3x3x320_f16xf16xf32_stride1,4,128,128,16,3,3,320,1,f16,f32,405.0,70.1149,14.9131,1307.4,0.0114,True
251,unet,conv_2d_nchw_fchw_4x128x128x320x3x3x320_f16xf16xf32_stride1,4,128,128,320,3,3,320,1,f16,f32,10700.0,936.4515,11.2893,1307.4,0.0086,True
252,unet,conv_2d_nchw_fchw_4x64x64x320x3x3x320_f16xf16xf32_stride2,4,64,64,320,3,3,320,2,f16,f32,2780.0,457.0153,10.8629,1307.4,0.0083,True
253,unet,conv_2d_nchw_fchw_4x64x64x320x3x3x640_f16xf16xf32_stride1,4,64,64,320,3,3,640,1,f16,f32,3190.0,1063.7042,18.9335,1307.4,0.0145,True
254,unet,conv_2d_nchw_fchw_4x64x64x640x3x3x640_f16xf16xf32_stride1,4,64,64,640,3,3,640,1,f16,f32,9890.0,1686.6571,12.2139,1307.4,0.0093,True
255,unet,conv_2d_nchw_fchw_4x64x64x320x1x1x640_f16xf16xf32_stride1,4,64,64,320,1,1,640,1,f16,f32,379.0,127.0078,17.7068,1307.4,0.0135,True
256,unet,conv_2d_nchw_fchw_4x32x32x640x3x3x640_f16xf16xf32_stride2,4,32,32,640,3,3,640,2,f16,f32,1670.0,751.9429,18.0832,1307.4,0.0138,True
257,unet,conv_2d_nchw_fchw_4x32x32x640x3x3x1280_f16xf16xf32_stride1,4,32,32,640,3,3,1280,1,f16,f32,2250.0,1450.6247,26.8435,1307.4,0.0205,True
258,unet,conv_2d_nchw_fchw_4x32x32x1280x3x3x1280_f16xf16xf32_stride1,4,32,32,1280,3,3,1280,1,f16,f32,5870.0,1938.9349,20.5785,1307.4,0.0157,True
259,unet,conv_2d_nchw_fchw_4x32x32x640x1x1x1280_f16xf16xf32_stride1,4,32,32,640,1,1,1280,1,f16,f32,236.0,240.9412,28.436,1307.4,0.0218,True
260,unet,conv_2d_nchw_fchw_4x32x32x2560x3x3x1280_f16xf16xf32_stride1,4,32,32,2560,3,3,1280,1,f16,f32,13300.0,2331.3202,18.1648,1307.4,0.0139,True
261,unet,conv_2d_nchw_fchw_4x32x32x2560x1x1x1280_f16xf16xf32_stride1,4,32,32,2560,1,1,1280,1,f16,f32,749.0,553.5135,35.8392,1307.4,0.0274,True
262,unet,conv_2d_nchw_fchw_4x32x32x1920x3x3x1280_f16xf16xf32_stride1,4,32,32,1920,3,3,1280,1,f16,f32,9130.0,2183.9941,19.846,1307.4,0.0152,True
263,unet,conv_2d_nchw_fchw_4x32x32x1920x1x1x1280_f16xf16xf32_stride1,4,32,32,1920,1,1,1280,1,f16,f32,544.0,483.7795,37.0086,1307.4,0.0283,True
264,unet,conv_2d_nchw_fchw_4x64x64x1280x3x3x1280_f16xf16xf32_stride1,4,64,64,1280,3,3,1280,1,f16,f32,54600.0,3058.4599,8.8495,1307.4,0.0068,True
265,unet,conv_2d_nchw_fchw_4x64x64x1920x3x3x640_f16xf16xf32_stride1,4,64,64,1920,3,3,640,1,f16,f32,42500.0,2766.9617,8.5268,1307.4,0.0065,True
266,unet,conv_2d_nchw_fchw_4x64x64x1920x1x1x640_f16xf16xf32_stride1,4,64,64,1920,1,1,640,1,f16,f32,1590.0,375.2061,25.3241,1307.4,0.0194,True
267,unet,conv_2d_nchw_fchw_4x64x64x1280x3x3x640_f16xf16xf32_stride1,4,64,64,1280,3,3,640,1,f16,f32,26300.0,2385.0546,9.186,1307.4,0.007,True
268,unet,conv_2d_nchw_fchw_4x64x64x1280x1x1x640_f16xf16xf32_stride1,4,64,64,1280,1,1,640,1,f16,f32,1040.0,313.8697,25.8111,1307.4,0.0197,True
269,unet,conv_2d_nchw_fchw_4x64x64x960x3x3x640_f16xf16xf32_stride1,4,64,64,960,3,3,640,1,f16,f32,16700.0,2095.7859,10.8499,1307.4,0.0083,True
270,unet,conv_2d_nchw_fchw_4x64x64x960x1x1x640_f16xf16xf32_stride1,4,64,64,960,1,1,640,1,f16,f32,790.0,269.7695,25.4844,1307.4,0.0195,True
271,unet,conv_2d_nchw_fchw_4x128x128x640x3x3x640_f16xf16xf32_stride1,4,128,128,640,3,3,640,1,f16,f32,51700.0,1846.518,9.3459,1307.4,0.0071,True
272,unet,conv_2d_nchw_fchw_4x128x128x960x3x3x320_f16xf16xf32_stride1,4,128,128,960,3,3,320,1,f16,f32,44800.0,1653.1714,8.089,1307.4,0.0062,True
273,unet,conv_2d_nchw_fchw_4x128x128x960x1x1x320_f16xf16xf32_stride1,4,128,128,960,1,1,320,1,f16,f32,3420.0,191.4391,11.7735,1307.4,0.009,True
274,unet,conv_2d_nchw_fchw_4x128x128x640x3x3x320_f16xf16xf32_stride1,4,128,128,640,3,3,320,1,f16,f32,26900.0,1387.6579,8.9811,1307.4,0.0069,True
275,unet,conv_2d_nchw_fchw_4x128x128x640x1x1x320_f16xf16xf32_stride1,4,128,128,640,1,1,320,1,f16,f32,2190.0,159.6103,12.2573,1307.4,0.0094,True
276,unet,conv_2d_nchw_fchw_4x128x128x320x3x3x16_f16xf16xf32_stride1,4,128,128,320,3,3,16,1,f16,f32,2240.0,127.0187,2.6963,1307.4,0.0021,True
277,unet,conv_2d_nchw_fchw_8x128x128x16x3x3x320_f16xf16xf32_stride1,8,128,128,16,3,3,320,1,f16,f32,733.0,70.1524,16.4797,1307.4,0.0126,True
278,unet,conv_2d_nchw_fchw_8x128x128x320x3x3x320_f16xf16xf32_stride1,8,128,128,320,3,3,320,1,f16,f32,22500.0,943.1902,10.7374,1307.4,0.0082,True
279,unet,conv_2d_nchw_fchw_8x64x64x320x3x3x320_f16xf16xf32_stride2,8,64,64,320,3,3,320,2,f16,f32,6390.0,463.4795,9.452,1307.4,0.0072,True
280,unet,conv_2d_nchw_fchw_8x64x64x320x3x3x640_f16xf16xf32_stride1,8,64,64,320,3,3,640,1,f16,f32,8360.0,1099.3924,14.4493,1307.4,0.0111,True
281,unet,conv_2d_nchw_fchw_8x64x64x640x3x3x640_f16xf16xf32_stride1,8,64,64,640,3,3,640,1,f16,f32,23200.0,1778.1851,10.4134,1307.4,0.008,True
282,unet,conv_2d_nchw_fchw_8x64x64x320x1x1x640_f16xf16xf32_stride1,8,64,64,320,1,1,640,1,f16,f32,662.0,127.5019,20.2746,1307.4,0.0155,True
283,unet,conv_2d_nchw_fchw_8x32x32x640x3x3x640_f16xf16xf32_stride2,8,32,32,640,3,3,640,2,f16,f32,2890.0,827.9394,20.899,1307.4,0.016,True
284,unet,conv_2d_nchw_fchw_8x32x32x640x3x3x1280_f16xf16xf32_stride1,8,32,32,640,3,3,1280,1,f16,f32,4280.0,1762.7735,28.2234,1307.4,0.0216,True
285,unet,conv_2d_nchw_fchw_8x32x32x1280x3x3x1280_f16xf16xf32_stride1,8,32,32,1280,3,3,1280,1,f16,f32,13100.0,2540.155,18.4421,1307.4,0.0141,True
286,unet,conv_2d_nchw_fchw_8x32x32x640x1x1x1280_f16xf16xf32_stride1,8,32,32,640,1,1,1280,1,f16,f32,379.0,248.2424,35.4136,1307.4,0.0271,True
287,unet,conv_2d_nchw_fchw_8x32x32x2560x3x3x1280_f16xf16xf32_stride1,8,32,32,2560,3,3,1280,1,f16,f32,30800.0,3258.6961,15.6878,1307.4,0.012,True
288,unet,conv_2d_nchw_fchw_8x32x32x2560x1x1x1280_f16xf16xf32_stride1,8,32,32,2560,1,1,1280,1,f16,f32,1190.0,593.6232,45.1152,1307.4,0.0345,True
289,unet,conv_2d_nchw_fchw_8x32x32x1920x3x3x1280_f16xf16xf32_stride1,8,32,32,1920,3,3,1280,1,f16,f32,21600.0,2977.9064,16.7772,1307.4,0.0128,True
290,unet,conv_2d_nchw_fchw_8x32x32x1920x1x1x1280_f16xf16xf32_stride1,8,32,32,1920,1,1,1280,1,f16,f32,905.0,514.1423,44.4921,1307.4,0.034,True
291,unet,conv_2d_nchw_fchw_8x64x64x1280x3x3x1280_f16xf16xf32_stride1,8,64,64,1280,3,3,1280,1,f16,f32,115000.0,3373.3143,8.4032,1307.4,0.0064,True
292,unet,conv_2d_nchw_fchw_8x64x64x1920x3x3x640_f16xf16xf32_stride1,8,64,64,1920,3,3,640,1,f16,f32,92500.0,3022.1554,7.8354,1307.4,0.006,True
293,unet,conv_2d_nchw_fchw_8x64x64x1920x1x1x640_f16xf16xf32_stride1,8,64,64,1920,1,1,640,1,f16,f32,4510.0,379.5521,17.856,1307.4,0.0137,True
294,unet,conv_2d_nchw_fchw_8x64x64x1280x3x3x640_f16xf16xf32_stride1,8,64,64,1280,3,3,640,1,f16,f32,57400.0,2572.2809,8.4178,1307.4,0.0064,True
295,unet,conv_2d_nchw_fchw_8x64x64x1280x1x1x640_f16xf16xf32_stride1,8,64,64,1280,1,1,640,1,f16,f32,2740.0,316.9052,19.5938,1307.4,0.015,True
296,unet,conv_2d_nchw_fchw_8x64x64x960x3x3x640_f16xf16xf32_stride1,8,64,64,960,3,3,640,1,f16,f32,39000.0,2238.9877,9.292,1307.4,0.0071,True
297,unet,conv_2d_nchw_fchw_8x64x64x960x1x1x640_f16xf16xf32_stride1,8,64,64,960,1,1,640,1,f16,f32,1880.0,272.0089,21.4177,1307.4,0.0164,True
298,unet,conv_2d_nchw_fchw_8x128x128x640x3x3x640_f16xf16xf32_stride1,8,128,128,640,3,3,640,1,f16,f32,107000.0,1872.9031,9.0315,1307.4,0.0069,True
299,unet,conv_2d_nchw_fchw_8x128x128x960x3x3x320_f16xf16xf32_stride1,8,128,128,960,3,3,320,1,f16,f32,92800.0,1674.2887,7.8101,1307.4,0.006,True
300,unet,conv_2d_nchw_fchw_8x128x128x960x1x1x320_f16xf16xf32_stride1,8,128,128,960,1,1,320,1,f16,f32,7250.0,191.7192,11.1077,1307.4,0.0085,True
301,unet,conv_2d_nchw_fchw_8x128x128x640x3x3x320_f16xf16xf32_stride1,8,128,128,640,3,3,320,1,f16,f32,56200.0,1402.5062,8.5976,1307.4,0.0066,True
302,unet,conv_2d_nchw_fchw_8x128x128x640x1x1x320_f16xf16xf32_stride1,8,128,128,640,1,1,320,1,f16,f32,4660.0,159.8049,11.5208,1307.4,0.0088,True
303,unet,conv_2d_nchw_fchw_8x128x128x320x3x3x16_f16xf16xf32_stride1,8,128,128,320,3,3,16,1,f16,f32,5500.0,127.1419,2.1963,1307.4,0.0017,True
